Shohei Ohtani,,70000000
Juan Soto,,46875000
Zack Wheeler,,42000000
Aaron Judge,,40000000
Jacob deGrom,,40000000
Anthony Rendon,,38000000
Carlos Correa,,36000000
Gerrit Cole,,36000000
Mike Trout,,35450000
Alex Bregman,,35000000
Corey Seager,,32000000
Francisco Lindor,,32000000
Giancarlo Stanton,,32000000
Nolan Arenado,,32000000
Corbin Burnes,,30000000
Jose Altuve,,30000000
Tyler Glasnow,,30000000
Vladimir Guerrero Jr.,,28500000
Cody Bellinger,,27500000
Rafael Devers,,27500000
Trea Turner,,27272727
Carlos Rodon,,27000000
Dansby Swanson,,27000000
Freddie Freeman,,27000000
Blake Snell,,26000000
Bryce Harper,,26000000
Christian Yelich,,26000000
Kris Bryant,,26000000
Marcus Semien,,26000000
Jack Flaherty,,25000000
Javier Báez,,25000000
Matt Chapman,,25000000
Mookie Betts,,25000000
Robbie Ray,,25000000
Sean Manaea,,25000000
Sonny Gray,,25000000
Xander Bogaerts,,25000000
Aaron Nola,,24571428
J.T. Realmuto,,23875000
Kevin Gausman,,23000000
Luis Castillo,,22750000
George Springer,,22500000
Jordan Montgomery,,22500000
Trevor Story,,22500000
Austin Riley,,22000000
Chris Sale,,22000000
Matt Olson,,22000000
Salvador Perez,,22000000
Pablo López,,21500000
Yusei Kikuchi,,21225000
Nick Martinez,,21050000
Chris Bassitt,,21000000
Brandon Nimmo,,20250000
Christian Walker,,20000000
Eduardo Rodriguez,,20000000
Fernando Tatis Jr.,,20000000
Ian Happ,,20000000
Joe Musgrove,,20000000
Kyle Schwarber,,20000000
Nick Castellanos,,20000000
Pete Alonso,,20000000
Yu Darvish,,20000000
Starling Marte,,19500000
Josh Hader,,19000000
José Ramírez,,19000000
Lucas Giolito,,19000000
Framber Valdez,,18000000
Jameson Taillon,,18000000
José Berríos,,18000000
Julio Rodriguez,,18000000
Marcus Stroman,,18000000
Masataka Yoshida,,18000000
Michael Wacha,,18000000
Nathan Eovaldi,,18000000
Rhys Hoskins,,18000000
Seiya Suzuki,,18000000
Taijuan Walker,,18000000
Willson Contreras,,18000000
Zach Eflin,,18000000
Edwin Diaz,,17500000
Frankie Montas,,17000000
Lance McCullers,,17000000
Ronald Acuña Jr.,,17000000
Sandy Alcantara,,17000000
Andrew Benintendi,,16500000
Bo Bichette,,16500000
Kyle Tucker,,16500000
Tyler Mahle,,16500000
Tyler O'Neill,,16500000
Jung-hoo Lee,,16000000
Ketel Marte,,16000000
Kyle Freeland,,16000000
Marcell Ozuna,,16000000
Miles Mikolas,,16000000
Raisel Iglesias,,16000000
Jeff McNeil,,15750000
Max Scherzer,,15500000
Mitch Haniger,,15500000
Alex Cobb,,15000000
Byron Buxton,,15000000
Charlie Morton,,15000000
D.J. LeMahieu,,15000000
Eugenio Suarez,,15000000
Gleyber Torres,,15000000
Jeimer Candelario,,15000000
Justin Verlander,,15000000
Luis Robert Jr.,,15000000
Luis Severino,,15000000
Mitch Keller,,15000000
Sean Murphy,,15000000
Seth Lugo,,15000000
Walker Buehler,,15000000
Yordan Alvarez,,15000000
Kodai Senga,,14000000
Lourdes Gurriel Jr.,,14000000
Luis Arraez,,14000000
Ryan Pressly,,14000000
Dylan Cease,,13750000
Anthony Santander,,13500000
Zac Gallen,,13500000
Chris Taylor,,13000000
Clay Holmes,,13000000
Ha-seong Kim,,13000000
Joc Pederson,,13000000
Jon Gray,,13000000
Jorge Soler,,13000000
Kirby Yates,,13000000
Manny Machado,,13000000
Shota Imanaga,,13000000
Tomoyuki Sugano,,13000000
Tyler Anderson,,13000000
Will Smith,,13000000
Paul Goldschmidt,,12500000
Antonio Senzatela,,12000000
Bryan Reynolds,,12000000
Carlos Santana,,12000000
Jordan Hicks,,12000000
Jurickson Profar,,12000000
Logan Webb,,12000000
Max Fried,,12000000
Max Muncy,,12000000
Ryan McMahon,,12000000
Steven Matz,,12000000
Taylor Rogers,,12000000
Mitch Garver,,11500000
Nico Hoerner,,11500000
Randy Arozarena,,11300000
Jake Cronenworth,,11000000
Robert Stephenson,,11000000
Tanner Scott,,11000000
Josh Naylor,,10900000
Aroldis Chapman,,10750000
Brandon Lowe,,10500000
Chad Green,,10500000
Jeffrey Springs,,10500000
Nathaniel Lowe,,10300000
Tarik Skubal,,10150000
Carlos Estevez,,10100000
A.J. Minter,,10000000
Andres Gimenez,,10000000
Christian Vazquez,,10000000
Cristian Javier,,10000000
Germán Márquez,,10000000
J.P. Crawford,,10000000
Jose Leclerc,,10000000
Kenley Jansen,,10000000
Kenta Maeda,,10000000
Max Kepler,,10000000
Robert Suarez,,10000000
Shane Bieber,,10000000
Teoscar Hernandez,,10000000
Willy Adames,,10000000
Yandy Diaz,,10000000
Yoshinobu Yamamoto,,10000000
Adolis García,,9250000
Mike Yastrzemski,,9250000
Andrew Kittredge,,9000000
Joe Jimenez,,9000000
Jose Alvarado,,9000000
Michael Soroka,,9000000
Ranger Suarez,,8800000
Brady Singer,,8750000
Cedric Mullins,,8725000
Devin Williams,,8600000
Gary Sánchez,,8500000
Jordan Romano,,8500000
Michael Conforto,,8500000
Daulton Varsho,,8200000
Ryan Helsley,,8200000
Aaron Civale,,8000000
Danny Jansen,,8000000
Emilio Pagan,,8000000
Freddy Peralta,,8000000
Michael Harris II,,8000000
Reynaldo López,,8000000
Ryan O'Hearn,,8000000
Seranthony Dominguez,,8000000
Wander Franco,,8000000
Lane Thomas,,7825000
Taylor Ward,,7825000
Tommy Kahnle,,7750000
Alec Bohm,,7700000
Logan Gilbert,,7625000
Nestor Cortes,,7600000
Hunter Renfroe,,7570000
Chris Paddack,,7500000
Clayton Kershaw,,7500000
Erick Fedde,,7500000
Isiah Kiner-Falefa,,7500000
Matt Boyd,,7500000
Matt Strahm,,7500000
Yimi Garcia,,7500000
Jonathan India,,7050000
Bobby Witt Jr.,,7000000
Jorge Polanco,,7000000
Ke'Bryan Hayes,,7000000
Merrill Kelly,,7000000
Ozzie Albies,,7000000
Pierce Johnson,,7000000
Trevor Williams,,7000000
Ryan Mountcastle,,6787000
Isaac Paredes,,6625000
Justin Steele,,6550000
Enrique Hernandez,,6500000
Jesse Winker,,6500000
Willi Castro,,6400000
Austin Gomber,,6350000
Jesús Luzardo,,6225000
Evan Phillips,,6100000
Blake Treinen,,6000000
Hunter Greene,,6000000
Jeff Hoffman,,6000000
Josh Bell,,6000000
Kyle Finnegan,,6000000
Liam Hendriks,,6000000
Travis d'Arnaud,,6000000
Victor Caratini,,6000000
William Contreras,,6000000
Luis Rengifo,,5950000
David Bednar,,5900000
Andrew Vaughn,,5850000
Jazz Chisholm,,5850000
Kyle Higashioka,,5750000
Zack Littell,,5720000
Cal Raleigh,,5600000
Adley Rutschman,,5500000
Chris Martin,,5500000
Michael Lorenzen,,5500000
Patrick Sandoval,,5500000
Yuki Matsui,,5500000
Tony Gonsolin,,5400000
Gregory Soto,,5350000
Andrew Heaney,,5250000
Garrett Whitlock,,5250000
Tyler Rogers,,5250000
Michael Kopech,,5200000
Andrew McCutchen,,5000000
Brandon Woodruff,,5000000
Carson Kelly,,5000000
Corbin Carroll,,5000000
Keibert Ruiz,,5000000
LaMonte Wade Jr.,,5000000
Mauricio Dubon,,5000000
Miguel Rojas,,5000000
Paul Sewald,,5000000
Tommy Edman,,5000000
Trent Grisham,,5000000
Yariel Rodriguez,,5000000
Yoan Moncada,,5000000
Tyler Stephenson,,4925000
Jason Adam,,4800000
Leody Taveras,,4750000
David Peterson,,4625000
Alejandro Kirk,,4600000
Jonah Heim,,4575000
Ryan Jeffers,,4550000
Camilo Doval,,4525000
Alexis Diaz,,4500000
Chris Stratton,,4500000
Emmanuel Clase,,4500000
Jake Junis,,4500000
Jesús Sánchez,,4500000
Jonathan Loaisiga,,4500000
Luis Garcia,,4500000
Ryan Brasier,,4500000
Ryne Stanek,,4500000
George Kirby,,4300000
Colin Rea,,4250000
Griffin Canning,,4250000
Wandy Peralta,,4250000
Steven Kwan,,4175000
Jhoan Duran,,4125000
Jeremy Pena,,4100000
Paul Blackburn,,4050000
Tommy Pham,,4025000
Austin Hays,,4000000
Austin Hedges,,4000000
Ezequiel Tovar,,4000000
Harrison Bader,,4000000
Jackson Chourio,,4000000
Joe Ross,,4000000
Justin Turner,,4000000
Ramon Laureano,,4000000
Spencer Strider,,4000000
Tom Murphy,,4000000
Tyler Kinley,,4000000
Tanner Houck,,3950000
Dylan Moore,,3825000
Pete Fairbanks,,3817000
Garrett Crochet,,3800000
Jarren Duran,,3750000
Hunter Harvey,,3700000
Clarke Schmidt,,3600000
Shane McClanahan,,3600000
Bailey Ober,,3550000
Jorge Mateo,,3550000
Aaron Bummer,,3500000
Austin Barnes,,3500000
Cal Quantrill,,3500000
Colt Keith,,3500000
Donovan Solano,,3500000
Josh Rojas,,3500000
Martín Pérez,,3500000
Victor Robles,,3500000
Wilmer Flores,,3500000
Bryan Abreu,,3450000
Jose Trevino,,3425000
Chas McCormick,,3400000
Gavin Lux,,3325000
Aaron Ashby,,3250000
Andres Munoz,,3250000
Thairo Estrada,,3250000
Bryson Stott,,3200000
Jason Foley,,3150000
Ramon Urias,,3150000
Jake Fraley,,3125000
Tyrone Taylor,,3025000
Matt Vierling,,3005000
Brandon Marsh,,3000000
Caleb Ferguson,,3000000
Danny Coulombe,,3000000
Edmundo Sosa,,3000000
Erik Swanson,,3000000
Joe Ryan,,3000000
Jorge López,,3000000
Kris Bubic,,3000000
Lucas Sims,,3000000
Miguel Andujar,,3000000
Joel Payamps,,2995000
Ryan Thompson,,2965000
A.J. Puk,,2950000
Dean Kremer,,2950000
Lars Nootbaar,,2950000
MacKenzie Gore,,2890000
Brendan Donovan,,2850000
Brusdar Graterol,,2800000
Caleb Thielbar,,2750000
Derek Law,,2750000
Kutter Crawford,,2750000
Seth Brown,,2700000
Dane Dunning,,2660000
MJ Melendez,,2650000
Jake Rogers,,2640000
Trevor Rogers,,2600000
Geraldo Perdomo,,2550000
Brayan Bello,,2500000
Hoby Milner,,2500000
Hyeseong Kim,,2500000
Kevin Newman,,2500000
Kyle Farmer,,2500000
Kyle Hendricks,,2500000
Luke Weaver,,2500000
Tim Hill,,2500000
Kevin Ginkel,,2425000
Jose Siri,,2400000
Santiago Espinal,,2400000
Griffin Jax,,2365000
Kyle Bradish,,2350000
Casey Mize,,2340000
Jake Meyers,,2300000
Jarred Kelenic,,2300000
John Schreiber,,2300000
Trevor Stephan,,2300000
Ryan Feltner,,2275000
JoJo Romero,,2260000
Alex Vesia,,2250000
Ben Lively,,2250000
Brent Suter,,2250000
Justin Wilson,,2250000
Bailey Falter,,2222000
Alek Manoah,,2200000
Cionel Perez,,2200000
Giovanny Urshela,,2150000
Dustin May,,2135000
Andre Pallante,,2100000
Jo Adell,,2100000
Rob Refsnyder,,2100000
Trevor Larnach,,2100000
Tyler Wells,,2075000
Mark Leiter Jr.,,2050000
Adrian Morejon,,2000000
Amed Rosario,,2000000
Brent Rooker,,2000000
Drew Rasmussen,,2000000
Jacob Stallings,,2000000
Jon Berti,,2000000
Jose Quintana,,2000000
Mickey Moniak,,2000000
Orlando Arcia,,2000000
Randal Grichuk,,2000000
Scott Alexander,,2000000
Trent Thornton,,2000000
Nick Lodolo,,1975000
Tylor Megill,,1975000
Ernie Clement,,1970000
Edward Cabrera,,1950000
Michael A. Taylor,,1950000
Mike Tauchman,,1950000
Triston McKenzie,,1950000
Trevor Megill,,1940000
Luis Garcia,,1875000
Nick Fortes,,1860000
Reid Detmers,,1825000
JT Brubaker,,1820000
Kyle Wright,,1800000
T.J. McFarland,,1800000
Austin Slater,,1750000
John Brebbia,,1750000
Kyle Isbel,,1750000
Joe Mantiply,,1700000
Zach McKinstry,,1650000
Nick Sandlin,,1630000
Royce Lewis,,1625000
John King,,1605000
Braxton Garrett,,1530000
Adam Frazier,,1525000
Colin Holderman,,1500000
Cristopher Sanchez,,1500000
Elias Diaz,,1500000
Jorge Alcala,,1500000
Luis Torrens,,1500000
Luke Jackson,,1500000
Pavin Smith,,1500000
Scott Barlow,,1500000
Shinnosuke Ogasawara,,1500000
Keegan Akin,,1475000
Shane Baz,,1450000
Anthony Bender,,1420000
Andy Ibanez,,1400000
Dennis Santana,,1400000
Will Vest,,1400000
Sam Hentges,,1377500
Eric Haase,,1350000
Josiah Gray,,1350000
Nate Pearson,,1350000
Nick Madrigal,,1350000
Taylor Walls,,1350000
Jacob Waguespack,,1300000
Jacob Webb,,1250000
Kendall Graveman,,1250000
Jose Ruiz,,1225000
Julian Merryweather,,1225000
Justin Topa,,1225000
Garrett Cleavinger,,1200000
Joey Bart,,1175000
Carlos Hernandez,,1160000
Brock Burke,,1150000
Jared Young,,1150000
Tim Mayza,,1150000
Ben Rortvedt,,1125000
Shawn Armstrong,,1125000
Josh Sborz,,1100000
José Suarez,,1100000
Luis Urias,,1100000
Jose Quijada,,1075000
Bryse Wilson,,1050000
Beau Brieske,,1025000
Dylan Lee,,1025000
Sam Moll,,1007500
Anthony Banda,,1000000
Ben Gamel,,1000000
Ceddanne Rafaela,,1000000
Cole Ragans,,1000000
Connor Joe,,1000000
Drew Smith,,1000000
Félix Bautista,,1000000
Jason Heyward,,1000000
John Means,,1000000
Kyle Hart,,1000000
Luis Campusano,,1000000
Matt Thaiss,,1000000
Michael King,,1000000
Michael Tonkin,,1000000
Nick Pivetta,,1000000
Paul DeJong,,1000000
Sam Hilliard,,1000000
Ty France,,1000000
Tyler Alexander,,1000000
Dylan Carlson,,975000
Justin Lawrence,,975000
Nick Mears,,963000
Eli Morgan,,950000
Tayler Saucedo,,937500
Garrett Stubbs,,925000
Cole Sulser,,900000
Elvin Rodriguez,,900000
Justin Anderson,,900000
Zach Pop,,900000
Brock Stewart,,870000
Bryan De La Cruz,,860000
Jimmy Herget,,850000
Johan Oviedo,,850000
Justin Hagenman,,850000
Keegan Thompson,,850000
Riley Adams,,850000
Tyler Wade,,850000
Gabe Speier,,845000
Kyle Nelson,,825000
Connor Gillispie,,820000
Scott Effross,,800000
Sean Reid-Foley,,800000
Lucas Gilbreath,,785000
Penn Murfee,,780000
Jared Shuster,,772350
Korey Lee,,771000
Miguel Vargas,,770400
Mason Thompson,,770000
Scott Kingery,,770000
Carlos D. Rodriguez,,760000
Grant Wolfram,,760000
Josh Walker,,760000
