"last_name, first_name","player_id","year","ab","k_percent","bb_percent","batting_avg","slg_percent","on_base_percent","on_base_plus_slg","p_era","woba","whiff_percent","swing_percent"
"Cole, Gerrit","543037","2024","355",25.4,7.4,".220",".358",".290","0.648","3.41",".286",24.8,48.3
"Cabrera, Edward","665795","2024","361",25.7,11.8,".227",".391",".326","0.717","4.95",".317",28,45.5
"Fedde, Erick","607200","2024","661",21.2,7.2,".233",".381",".291","0.672","3.30",".293",21.6,45.5
"Antone, Tejay","622088","2024","7",18.2,36.4,".286",".429",".545","0.974","4.50",".445",31.3,34
"Headrick, Brent","687396","2024","11",38.5,15.4,".182",".545",".308","0.853","3.00",".360",33.3,45
"Muñoz, Roddery","682610","2024","327",18.5,11.1,".272",".575",".359","0.934","6.53",".393",23.6,45.7
"Flexen, Chris","623167","2024","635",17.4,8.9,".283",".476",".349","0.825","4.95",".355",22.7,46
"Garrett, Amir","607237","2024","19",45.8,20.8,".211",".421",".375","0.796","5.06",".355",39.5,36.5
"Pint, Riley","666207","2024","15",31.8,22.7,".333",".733",".545","1.278","21.60",".529",36,24.5
"Gibaut, Ian","664139","2024","9",10,10,".333",".444",".400","0.844","4.50",".371",10.5,47.5
"Dunshee, Parker","670161","2024","11",21.4,14.3,".364","1.000",".500","1.500","19.29",".595",40,39.2
"Law, Derek","571882","2024","333",20.8,6.6,".246",".348",".294","0.642","2.60",".282",28.3,49.9
"Zuber, Tyler","676604","2024","13",26.7,13.3,".231",".462",".333","0.795","2.70",".346",20.7,38.7
"Beeter, Clayton","690925","2024","14",33.3,6.7,".286",".429",".333","0.762","4.91",".331",32,49
"Effross, Scott","664123","2024","12",14.3,14.3,".250",".500",".357","0.857","5.40",".371",14.8,49.1
"Brogdon, Connor","641401","2024","13",15.8,31.6,".385","1.385",".579","1.964","24.00",".715",28.2,40.2
"Mattson, Isaac","676755","2024","17",26.1,21.7,".059",".059",".304","0.363","5.06",".219",23.9,46
"Trevino, Jose","624431","2024","11",0,15.4,".455",".727",".538","1.265","13.50",".531",5,46.5
"Teheran, Julio","527054","2024","14",18.8,12.5,".429",".714",".500","1.214","13.50",".513",25.8,45.6
"Altavilla, Dan","656186","2024","16",23.8,14.3,".313",".563",".450","1.013","14.73",".437",30.6,43.4
"Whitley, Forrest","666215","2024","16",25,15,".313",".375",".450","0.825","0.00",".378",17.9,41.5
"Penrod, Zach","683068","2024","15",15,20,".200",".267",".400","0.667","2.25",".325",25.6,45.3
"Márquez, Germán","608566","2024","16",15,20,".313",".500",".450","0.950","6.75",".417",28.1,45.7
"Stephens, Jackson","623451","2024","15",11.8,5.9,".333",".533",".412","0.945","2.70",".411",17.9,54.9
"Cruz, Steven","674444","2024","18",22.2,0,".056",".056",".056","0.112","0.00",".049",22.7,53.7
"Blach, Ty","621389","2024","301",10.9,5.5,".342",".585",".387","0.972","6.94",".413",14.8,50.1
"Rea, Colin","607067","2024","656",18.9,6,".258",".447",".311","0.758","4.29",".327",19.3,46.8
"Bukauskas, J.B.","656266","2024","21",27.3,4.5,".143",".286",".182","0.468","1.50",".205",37.5,45.5
"Severino, Luis","622663","2024","684",21.2,7.9,".243",".383",".313","0.696","3.91",".308",22,50.6
"Mederos, Victor","682989","2024","21",18.5,22.2,".333",".571",".481","1.052","11.81",".453",24,46.7
"Davidson, Tucker","656353","2024","17",5.3,10.5,".235",".235",".316","0.551","0.00",".258",20.6,50.7
"Kelly, Casey","543391","2024","19",19,4.8,".263",".474",".286","0.760","5.06",".316",27.9,55.1
"Shaw, Bryan","543766","2024","20",16.7,16.7,".400",".700",".500","1.200","9.00",".496",14,45.3
"Boushley, Caleb","676961","2024","18",5,10,".333",".444",".400","0.844","4.50",".371",6.5,49.2
"White, Owen","669391","2024","17",0,5.6,".529",".882",".556","1.438","24.00",".606",5.7,50.7
"Gose, Anthony","543238","2024","21",18.2,4.5,".429",".905",".455","1.360","10.38",".566",21.1,48.1
"Ribalta, Orlando","687377","2024","20",13,8.7,".500",".600",".565","1.165","13.50",".507",32.1,54.6
"Busenitz, Alan","641427","2024","21",14.3,0,".429",".619",".429","1.048","13.50",".451",31.6,50.7
"Maile, Luke","571912","2024","17",0,0,".353",".824",".333","1.157","14.73",".460",10,61.5
"Contreras, Luis","664351","2024","24",23.1,7.7,".292",".375",".346","0.721","9.00",".319",25.5,44.8
"Selby, Colin","681882","2024","23",17.9,14.3,".130",".130",".286","0.416","2.57",".219",20.5,39.3
"Rivera, Emmanuel","656896","2024","19",0,0,".368",".526",".400","0.926","9.00",".403",10.7,50
"Gillispie, Connor","687362","2024","26",25,15.6,".154",".231",".281","0.512","2.25",".241",25.8,47.8
"Bruihl, Justin","677865","2024","24",18.5,3.7,".375",".625",".407","1.032","9.53",".421",25.4,59.6
"Davis, Austin","656354","2024","25",18.2,15.2,".240",".320",".406","0.726","9.00",".341",16.4,38.7
"Musgrove, Joe","605397","2024","375",24.6,5.6,".251",".419",".310","0.729","3.88",".317",28.3,47.4
"Heasley, Jonathan","669169","2024","25",13.8,10.3,".400",".640",".483","1.123","16.88",".481",21.7,42.6
"Casparius, Ben","676508","2024","33",32.4,10.8,".273",".333",".351","0.684","2.16",".309",34.7,48.1
"Brzykcy, Zach","694350","2024","25",14.3,10.7,".360",".640",".429","1.069","14.29",".454",26.1,44.2
"Hartwig, Grant","701643","2024","25",12.9,12.9,".240",".360",".387","0.747","6.75",".344",28.6,41.5
"Silseth, Chase","681217","2024","33",31.6,10.5,".242",".545",".324","0.869","6.75",".370",32.4,42.5
"Rutledge, Jackson","671131","2024","31",26.5,5.9,".258",".452",".324","0.776","3.24",".336",24.2,44.6
"Duffey, Tyler","608648","2024","32",23.8,19,".219",".313",".381","0.694","5.00",".322",23.9,37.6
"Miley, Wade","489119","2024","24",6.7,13.3,".250",".375",".379","0.754","6.43",".343",9.6,44.1
"Santos, Gregory","666619","2024","29",19.4,3.2,".241",".310",".290","0.600","4.91",".269",20.3,52.7
"Sabrowski, Erik","681870","2024","43",40.4,8.5,".140",".163",".213","0.376","0.00",".179",29,50.5
"Waldrep, Hurston","694462","2024","27",8.3,22.2,".333",".704",".500","1.204","16.71",".501",20.8,39.8
"Bieber, Shane","669456","2024","44",44.4,2.2,".227",".318",".244","0.562","0.00",".244",36.7,47.6
"Jay, Tyler","664079","2024","30",16.7,16.7,".300",".400",".417","0.817","4.70",".366",22.4,49.7
"Leibrandt, Brandon","605335","2024","30",15.6,6.3,".367",".667",".406","1.073","9.95",".456",25,51.3
"Klein, Will","694361","2024","31",18.4,15.8,".387",".516",".474","0.990","11.05",".426",20.8,36.3
"Strider, Spencer","675911","2024","37",28.6,11.9,".270",".486",".357","0.843","7.00",".365",33,51.1
"O'Brien, Riley","676617","2024","36",23.9,17.4,".361",".639",".478","1.117","11.25",".467",27.3,39.7
"Walker, Taijuan","592836","2024","338",15.2,9.7,".317",".589",".386","0.975","7.10",".413",16.7,44.1
"Peralta, Luis","678821","2024","40",28.6,10.2,".175",".200",".292","0.492","0.73",".238",17.8,40.3
"deGrom, Jacob","594798","2024","42",31.8,2.3,".262",".405",".295","0.700","1.69",".304",32.1,48.8
"Dunning, Dane","641540","2024","373",21.6,9.5,".260",".461",".340","0.801","5.31",".347",23.7,45.5
"Keller, Mitch","656605","2024","697",21.5,6.5,".261",".446",".321","0.767","4.25",".331",21.4,47.6
"McMillon, John","669111","2024","41",27.7,10.6,".171",".244",".261","0.505","1.50",".234",37.5,44.4
"Campbell, Isaiah","663462","2024","35",16.2,5.4,".400",".743",".432","1.175","16.20",".496",23.3,50.4
"Castillo, Diego","650895","2024","34",14,18.6,".235",".294",".372","0.666","2.70",".309",18.4,42.9
"Parsons, Wes","641149","2024","36",18.4,5.3,".278",".472",".316","0.788","6.00",".340",28.6,52
"Halvorsen, Seth","678020","2024","43",28.3,4.3,".186",".326",".239","0.565","1.46",".250",30.7,49.4
"Bickford, Phil","641360","2024","36",15.4,2.6,".278",".417",".316","0.733","8.64",".319",28.6,40.9
"Nelson, Kyle","669459","2024","37",19,9.5,".216",".405",".286","0.691","4.22",".289",23,51
"Warren, Austin","681810","2024","37",16.7,11.9,".243",".351",".333","0.684","1.69",".308",19.3,48
"Gilbert, Tyler","656457","2024","35",10.5,5.3,".286",".400",".342","0.742","3.24",".328",14.5,57.2
"Herget, Kevin","643361","2024","40",20.9,7,".150",".275",".209","0.484","1.59",".216",22.2,47.7
"Anderson, Tyler","542881","2024","681",18.6,9.5,".232",".394",".311","0.705","3.81",".308",27.7,49.3
"Dobnak, Randy","677976","2024","40",15.6,11.1,".275",".450",".356","0.806","5.59",".343",17.3,44.3
"Hill, Jaden","677955","2024","37",13.3,8.9,".216",".378",".311","0.689","5.06",".302",20.5,48.3
"Borucki, Ryan","621366","2024","45",25.5,7.8,".311",".511",".380","0.891","7.36",".385",34.5,50
"Feyereisen, J.P.","656420","2024","42",18.8,10.4,".262",".548",".354","0.902","8.18",".385",21.3,49.7
"Winans, Allan","642216","2024","37",9.8,9.8,".378",".811",".439","1.250","15.26",".516",26.3,51.7
"Kuhnel, Joel","669270","2024","38",12.8,0,".211",".342",".231","0.573","4.50",".248",22.2,51.3
"Verlander, Justin","434378","2024","358",18.7,6.8,".274",".450",".331","0.781","5.48",".337",21.3,48.7
"Kitchen, Austin","685116","2024","38",9.5,7.1,".421",".605",".463","1.068","14.14",".459",9.9,44.9
"Strzelecki, Peter","657265","2024","43",19.1,6.4,".256",".395",".319","0.714","2.31",".314",17,45.8
"Jacob, Alek","689690","2024","52",33.3,3.5,".173",".269",".228","0.497","2.45",".222",32.3,40.1
"Rocker, Kumar","677958","2024","45",25.5,10.9,".267",".333",".352","0.685","3.86",".307",27.4,48.6
"Matzek, Tyler","554431","2024","45",20.8,6.3,".356",".622",".396","1.018","9.90",".432",15.2,51.4
"O'Loughlin, Jack","672552","2024","42",12.8,10.6,".310",".429",".383","0.812","4.66",".358",20.5,47.2
"Nittoli, Vinny","657697","2024","44",17.4,4.3,".227",".341",".261","0.602","1.50",".263",29.2,53.9
"Hernández, Daysbel","678226","2024","63",35.1,13.5,".159",".175",".284","0.459","2.50",".221",34.8,47.9
"Adon, Joan","672851","2024","41",12.5,8.3,".293",".463",".362","0.825","6.75",".357",15.2,44.4
"Williams, Devin","642207","2024","75",43.2,12.5,".133",".227",".261","0.488","1.25",".228",40,47.3
"Vespi, Nick","663989","2024","45",18.4,6.1,".222",".378",".265","0.643","2.92",".276",25,52.1
"Avila, Nick","687014","2024","50",25.5,5.5,".340",".640",".364","1.004","8.49",".413",22.8,50.7
"Robertson, Nick","687798","2024","52",25.5,3.6,".288",".500",".309","0.809","4.05",".343",24.5,50.7
"Teng, Kai-Wei","678906","2024","46",12.7,14.5,".326",".500",".436","0.936","9.82",".410",20.2,41.2
"Veneziano, Anthony","685107","2024","52",24.1,5.2,".308",".481",".345","0.826","3.38",".349",27.7,53.7
"Bloss Jr., Jake","814005","2024","51",20,5.5,".314",".667",".352","1.019","6.94",".428",23.4,52.1
"Uribe, Abner","682842","2024","54",21.2,18.2,".278",".389",".409","0.798","6.91",".349",26,37.2
"Williamson, Brandon","682227","2024","51",20.3,8.5,".196",".451",".288","0.739","3.77",".318",18.7,41.8
"Lucas, Easton","687922","2024","50",16.4,14.8,".340",".480",".443","0.923","10.80",".402",16.3,50
"Mahle, Tyler","641816","2024","50",17.9,7.1,".280",".420",".339","0.759","4.97",".329",25.2,48.5
"Sulser, Cole","642121","2024","54",22.7,13.6,".167",".278",".277","0.555","2.76",".245",24.8,46.9
"Plesac, Zach","668676","2024","47",9.3,13,".255",".574",".352","0.926","8.25",".392",18.8,46.2
"Spiers, Carson","686730","2024","377",19.5,6.6,".297",".536",".351","0.887","5.46",".379",21.3,48
"Berroa, Prelander","672860","2024","69",31.3,15.7,".217",".362",".349","0.711","3.32",".318",34.4,46
"Bigge, Hunter","685801","2024","68",32.9,6.8,".250",".382",".301","0.683","2.60",".299",34,52
"Mercado, Michael","675650","2024","54",15.6,14.1,".296",".833",".406","1.239","11.08",".504",20.3,45.4
"Hudson, Dakota","641712","2024","346",12.1,12.4,".286",".436",".382","0.818","6.17",".360",18.1,42.1
"Barnes, Matt","598264","2024","55",16.7,6.7,".291",".418",".339","0.757","6.75",".331",21.5,45.1
"Aldegheri, Sam","691951","2024","53",14.9,14.9,".283",".453",".403","0.856","4.85",".373",21.5,41.9
"Sánchez, Cristopher","650911","2024","706",20.3,5.8,".258",".358",".301","0.659","3.32",".290",24.2,51.6
"Sears, JP","676664","2024","685",18.1,6.5,".251",".439",".311","0.750","4.38",".324",21.8,48.7
"Irvin, Jake","663623","2024","710",20.3,6.8,".244",".428",".299","0.727","4.41",".314",22.3,48.5
"Young, Alex","622065","2024","61",22.1,10.3,".246",".426",".324","0.750","2.87",".327",31.7,46.1
"Cisnero, José","542585","2024","62",23,10.8,".290",".516",".384","0.900","6.89",".387",25.7,46
"Burke, Sean","680732","2024","69",28.9,9.2,".174",".333",".250","0.583","1.42",".258",28.8,49.5
"Beck, Tristan","663941","2024","61",20.9,6,".230",".393",".284","0.677","1.69",".293",20.2,51.2
"Merryweather, Julian","657240","2024","61",18.9,12.2,".295",".459",".405","0.864","6.60",".377",24.2,47.1
"Rodríguez, Joely","570257","2024","60",18.8,3.1,".317",".533",".344","0.877","5.93",".372",20,48.2
"Cobb, Alex","502171","2024","58",16.1,4.8,".241",".345",".274","0.619","2.76",".269",17.1,43.4
"Taylor, Troy","700187","2024","74",30.9,8.6,".203",".419",".272","0.691","3.72",".299",29.6,43.3
"Lange, Alex","656638","2024","69",23.3,18.9,".232",".290",".398","0.688","4.34",".327",33.3,43
"Whitlock, Garrett","676477","2024","66",22.7,9.3,".212",".318",".297","0.615","1.96",".278",17,45.8
"Skenes, Paul","694973","2024","475",33.1,6.2,".198",".295",".257","0.552","1.96",".247",28.7,49.8
"Cuas, Jose","621016","2024","67",20.5,12,".284",".507",".410","0.917","7.71",".394",28.4,44.2
"Wells, Tyler","669330","2024","64",19.4,4.5,".281",".516",".313","0.829","5.87",".353",26.5,52.5
"Ramirez, Nick","598286","2024","54",7.9,11.1,".333",".426",".397","0.823","6.08",".353",19.6,47.4
"Vines, Darius","670241","2024","59",13.6,6.1,".356",".627",".394","1.021","8.56",".427",22.3,50.6
"Allen, Logan","671106","2024","383",18.3,9.5,".295",".551",".367","0.918","5.73",".390",21.1,45
"Berríos, José","621244","2024","714",19.5,6.9,".235",".406",".300","0.706","3.60",".308",21.1,46.7
"Peralta, Sammy","671111","2024","65",15.3,9.7,".323",".508",".389","0.897","4.80",".387",19,42.9
"La Sorsa, Joe","686747","2024","66",18.9,6.8,".258",".439",".315","0.754","4.58",".321",11,46.9
"Speier, Gabe","642100","2024","84",31.7,13.5,".226",".345",".340","0.685","5.70",".304",31,46.7
"Winn, Cole","668390","2024","69",18.2,5.2,".261",".391",".325","0.716","7.79",".315",25.7,51.7
"Jefferies, Daulton","641726","2024","68",16.4,5.5,".353",".691",".397","1.088","9.82",".457",20.1,49.5
"Hughes, Brandon","676714","2024","76",23.6,11.2,".316",".697",".404","1.101","8.15",".457",27.2,45.1
"Guenther, Sean","674944","2024","69",16.4,2.7,".130",".188",".178","0.366","0.86",".167",19,47.7
"Leone, Dominic","608678","2024","73",19.1,15.7,".274",".521",".382","0.903","6.63",".381",38,46
"Blewett, Scott","656240","2024","76",21.2,9.4,".224",".368",".306","0.674","1.77",".290",25.7,52.4
"Ramírez, Erasmo","541640","2024","73",17.6,11.8,".164",".384",".271","0.655","4.35",".282",23.4,46.7
"Keuchel, Dallas","572971","2024","70",13.9,10.1,".329",".543",".392","0.935","5.40",".399",20.4,36.7
"Henriquez, Ronny","678692","2024","75",18.3,6.1,".267",".387",".329","0.716","3.26",".312",24.3,50.2
"Soriano, José","667755","2024","407",20.7,9.6,".224",".329",".311","0.640","3.42",".287",23.4,46
"Glasnow, Tyler","607192","2024","484",32.2,6.7,".190",".347",".244","0.591","3.49",".258",30.9,48.4
"Ellard, Fraser","686642","2024","85",25.7,11.9,".212",".353",".307","0.660","3.75",".280",25,42.6
"Maldonado, Anthony","687424","2024","75",13.4,8.5,".280",".427",".341","0.768","5.68",".321",28.7,50.5
"King, Bryan","687911","2024","95",29.4,9.2,".211",".295",".303","0.598","2.39",".273",23.6,47.8
"Rodriguez, Grayson","680570","2024","449",26.5,7.3,".243",".405",".305","0.710","3.86",".310",30,50.2
"McGreevy, Michael","700241","2024","83",20.9,2.3,".193",".289",".221","0.510","1.96",".223",22.9,46.3
"Bazardo, Eduard","660825","2024","98",30.6,8.3,".204",".296",".271","0.567","4.88",".255",29,45.4
"Cimber, Adam","643256","2024","85",17.8,13.1,".235",".306",".377","0.683","7.03",".313",15.7,42.8
"Fitts, Richard","690916","2024","76",10.6,8.2,".250",".289",".313","0.602","1.74",".273",15.2,50.3
"Warren, Will","701542","2024","97",26.4,9.1,".340",".608",".404","1.012","10.32",".428",25.8,42.4
"Staumont, Josh","622251","2024","85",17.6,13.7,".200",".212",".314","0.526","3.70",".252",25.9,44
"Gray, Jon","592351","2024","408",19.6,6.4,".262",".404",".308","0.712","4.47",".309",23.8,51.6
"Coulombe, Danny","543056","2024","102",29.9,4.7,".147",".265",".187","0.452","2.12",".199",24,44.6
"Poteet, Cody","547001","2024","87",16.7,8.3,".207",".310",".281","0.591","2.22",".266",15.7,43.2
"Olson, Reese","681857","2024","421",21.7,7.1,".238",".347",".295","0.642","3.53",".282",28.4,47.3
"Toussaint, Touki","657053","2024","97",22.2,15.4,".361",".557",".462","1.019","7.43",".437",27.5,41.5
"Jiménez, Dany","666204","2024","94",21.4,16.2,".223",".500",".350","0.850","4.91",".361",28.7,41.8
"Jones, Jared","683003","2024","456",26.2,7.7,".232",".432",".298","0.730","4.14",".314",30.2,51.6
"Rodríguez, Yerry","666720","2024","88",16.2,12.4,".295",".602",".390","0.992","8.72",".414",22.1,48.6
"Otañez, Michel","671305","2024","126",36.4,13.2,".214",".302",".331","0.633","3.44",".291",39.9,46.8
"Ashby, Aaron","676879","2024","107",27.7,8.4,".187",".299",".254","0.553","2.86",".247",26.3,43.2
"Garabito, Gerson","642520","2024","96",19.1,10.4,".240",".396",".342","0.738","4.78",".326",20.8,44.9
"Cousins, Jake","664776","2024","130",34.2,12.9,".154",".292",".290","0.582","2.37",".268",35.5,43.3
"Vásquez, Randy","681190","2024","391",14.4,6.7,".304",".473",".360","0.833","4.87",".360",18.7,49.7
"Núñez, Dedniel","673380","2024","127",35.6,5.9,".189",".299",".237","0.536","2.31",".234",34.7,57.6
"Anderson, Grant","681982","2024","109",24.2,8.3,".303",".615",".367","0.982","8.10",".409",25.7,45.1
"Brasier, Ryan","518489","2024","101",22.7,4.5,".218",".376",".248","0.624","3.54",".265",22.3,56.4
"Burr, Ryan","621114","2024","127",33.6,8.6,".228",".402",".300","0.702","4.13",".307",31.9,50.5
"Alexander, Tyler","641302","2024","419",19.8,5.3,".263",".480",".307","0.787","5.10",".335",20.1,50
"Roberts, Ethan","681799","2024","107",22,8.5,".290",".421",".356","0.777","3.71",".341",27.2,45.8
"France, J.P.","641585","2024","107",18.2,9.9,".290",".505",".364","0.869","7.46",".373",25.5,42.1
"Allard, Kolby","663465","2024","109",19.7,6.8,".312",".523",".359","0.882","5.00",".378",21.6,48.9
"Lugo, Seth","607625","2024","773",21.7,5.7,".229",".353",".281","0.634","3.00",".278",22.4,46.7
"Manning, Matt","666159","2024","108",18.7,9.8,".287",".426",".350","0.776","4.88",".336",23.6,49.3
"Diaz, Yilber","700270","2024","105",16,10.1,".257",".429",".328","0.757","3.81",".327",19.6,43.5
"Marte, Yunior","628708","2024","111",18.1,11.8,".306",".495",".386","0.881","6.92",".381",22.6,44
"Hanifee, Brenan","669724","2024","114",19.2,5,".237",".360",".275","0.635","1.84",".277",17.7,49.2
"Bradish, Kyle","680694","2024","144",32.5,9.2,".188",".299",".278","0.577","2.75",".261",26.9,42
"Salazar, Eduardo","674285","2024","118",20.3,10.5,".288",".390",".368","0.758","2.76",".338",23.2,45.3
"Young, Danny","664849","2024","138",29.1,10.9,".210",".319",".331","0.650","4.54",".297",30.7,38.3
"Bowman, Matt","621199","2024","117",18.2,9.8,".222",".410",".311","0.721","4.40",".314",18.6,43.3
"Springs, Jeffrey","605488","2024","129",26.1,7.7,".264",".419",".324","0.743","3.27",".324",29.9,48.5
"Kelly, Michael","547184","2024","112",17.2,7.8,".241",".357",".315","0.672","2.59",".294",21.9,47.7
"Chivilli, Angel","683409","2024","122",21.1,7.5,".254",".475",".316","0.791","4.55",".340",36.9,53.4
"Burke, Brock","656271","2024","135",26.6,10.4,".274",".467",".357","0.824","5.82",".352",29.1,52.5
"López, Reynaldo","625643","2024","492",27.3,7.7,".220",".333",".280","0.613","1.99",".271",27.5,49
"Maeda, Kenta","628317","2024","442",19.8,6.4,".281",".491",".331","0.822","6.09",".351",23.8,47.2
"Leasure, Jordan","673929","2024","120",18.3,12.7,".267",".492",".362","0.854","6.32",".366",26.6,48.4
"Moll, Sam","594580","2024","134",25,9.2,".201",".313",".283","0.596","3.35",".261",25.3,45
"Tyler, Kyle","667725","2024","123",17.6,12.7,".301",".423",".394","0.817","5.40",".363",26.5,44.3
"Brooks, Aaron","605156","2024","107",10.1,6.7,".308",".486",".353","0.839","5.06",".358",19.9,49.9
"Lynn, Lance","458681","2024","458",21.3,8.6,".247",".402",".316","0.718","3.84",".314",24.1,48.4
"Daniel, Davis","669721","2024","127",20.9,4.5,".307",".512",".343","0.855","6.23",".367",20.2,49.8
"Wilson, Steven","621051","2024","128",20.9,16,".227",".469",".362","0.831","5.71",".347",24.7,46.2
"Chargois, JT","608638","2024","131",20.5,8.9,".183",".344",".267","0.611","2.23",".269",23.7,47.1
"Ginn, J.T.","669372","2024","131",20.4,6.3,".275",".405",".331","0.736","4.24",".321",28.3,47.4
"Chirinos, Yonny","630023","2024","127",17.4,9,".339",".591",".410","1.001","6.30",".425",20.7,46.8
"McGough, Scott","543518","2024","124",16.7,14,".274",".532",".373","0.905","7.44",".382",25.5,48.9
"Pagán, Emilio","641941","2024","144",27.8,7,".278",".444",".323","0.767","4.50",".330",29.6,53.6
"Cantillo, Joey","676282","2024","147",27,9.2,".238",".435",".307","0.742","4.89",".321",31.1,43.5
"Javier, Cristian","664299","2024","129",18,12.7,".233",".411",".329","0.740","3.89",".324",26.3,43.3
"Tinoco, Jesus","622786","2024","147",25.9,7.4,".184",".279",".259","0.538","3.32",".241",26.4,48.8
"Fleming, Josh","676596","2024","123",12.3,10.1,".276",".398",".355","0.753","4.02",".334",18.8,46.8
"Rodríguez, Manuel","655889","2024","137",21.5,7,".212",".307",".292","0.599","2.15",".268",26.6,48.4
"Poche, Colin","621363","2024","138",21.6,8.5,".217",".391",".281","0.672","3.86",".287",23,48.1
"Anderson, Nick","623433","2024","135",19,9.8,".259",".474",".333","0.807","4.04",".344",23.4,44.7
"Lovelady, Richard","663992","2024","132",17.7,7.5,".258",".371",".322","0.693","4.46",".304",22.9,48.9
"Okert, Steven","595345","2024","139",20.6,10,".266",".460",".352","0.812","5.09",".347",23.6,45.5
"Snider, Collin","676092","2024","156",27.8,7.7,".231",".378",".290","0.668","1.94",".288",30.2,52.4
"Díaz, Edwin","621242","2024","192",38.9,9.3,".188",".328",".273","0.601","3.52",".269",38.1,48.9
"Pallante, Andre","669467","2024","458",18.5,9.4,".240",".338",".315","0.653","3.78",".293",19.8,46.4
"Harrison, Kyle","690986","2024","476",22.2,7.9,".263",".433",".328","0.761","4.56",".330",23.6,46.2
"Vieira, Thyago","600986","2024","147",22,14.7,".252",".469",".367","0.836","5.21",".361",24.8,43.3
"Wrobleski, Justin","680736","2024","137",16.9,10.4,".248",".511",".331","0.842","5.70",".361",22.3,46.1
"Nastrini, Nick","680897","2024","137",14.9,20.7,".234",".445",".397","0.842","7.07",".373",28.8,39.8
"Bielak, Brandon","656232","2024","125",10,9.3,".312",".520",".386","0.906","5.16",".391",17.2,45.7
"Mazur, Adam","800049","2024","133",13.9,13.3,".301",".534",".399","0.933","7.49",".399",18.4,43.8
"Stratton, Hunter","676702","2024","145",20.9,4.4,".255",".372",".303","0.675","3.58",".297",27,52.3
"Swanson, Erik","657024","2024","153",22,8.3,".235",".516",".304","0.820","5.03",".349",23.5,50.4
"Lynch IV, Daniel","663738","2024","154",22.3,8.6,".188",".344",".274","0.618","3.32",".274",28.3,46.4
"Gonzales, Marco","594835","2024","138",15.2,7.3,".312",".478",".360","0.838","4.54",".362",17.8,51.5
"Bradley, Taj","671737","2024","519",26.6,8.1,".235",".408",".300","0.708","4.11",".308",27.4,50.7
"Megill, Trevor","656730","2024","165",27.3,7.7,".200",".291",".264","0.555","2.72",".239",29.4,52.4
"Marsh, Alec","679525","2024","493",22.4,7.1,".249",".434",".316","0.750","4.53",".325",23.5,47.6
"Ferguson, Tyler","621053","2024","180",30,11.6,".178",".306",".282","0.588","3.68",".262",26.8,47.9
"Black, Mason","696131","2024","149",18.3,8.9,".309",".517",".381","0.898","6.44",".387",16.4,48
"Morgan, Eli","669212","2024","152",20.4,6.6,".197",".336",".255","0.591","1.93",".256",24.9,53.4
"Kremer, Dean","665152","2024","493",22.2,9.2,".223",".371",".297","0.668","4.10",".294",23.2,46.2
"Yates, Kirby","489446","2024","203",35.9,11.8,".113",".182",".225","0.407","1.17",".186",33.6,49.3
"Leiter, Jack","683004","2024","148",17.9,9.8,".297",".527",".374","0.901","8.83",".384",27.9,48.7
"Matthews, Zebby","805673","2024","164",24.3,6.2,".311",".567",".362","0.929","6.69",".397",24,49.9
"Peralta, Wandy","593974","2024","143",13.6,8,".231",".378",".315","0.693","3.99",".307",19.1,48.6
"Freeland, Kyle","607536","2024","460",17.3,5.3,".291",".507",".329","0.836","5.24",".357",17.1,50
"Kimbrel, Craig","518886","2024","192",31.5,13.4,".208",".365",".329","0.694","5.33",".309",30.9,43
"Phillips, Tyler","663969","2024","150",17.5,4.4,".300",".527",".338","0.865","6.87",".369",21.7,52.6
"Gordon, Tanner","685299","2024","149",16.3,3.8,".356",".658",".386","1.044","8.65",".440",18.8,54.2
"Gil, Luis","661563","2024","550",26.8,12.1,".189",".345",".297","0.642","3.50",".288",29,45.5
"Bird, Jake","656234","2024","154",16.8,13.5,".279",".448",".391","0.839","4.50",".368",22.2,44.2
"Muñoz, Andrés","662253","2024","202",33.2,11.2,".153",".257",".259","0.516","2.12",".233",39.8,45.4
"Chapman, Aroldis","547973","2024","222",37.1,14.4,".198",".315",".318","0.633","3.79",".289",32.3,44.5
"Woodford, Jake","663765","2024","153",15.6,5.4,".314",".529",".359","0.888","7.97",".379",13.6,44
"Henry, Tommy","674072","2024","157",16.5,9.9,".312",".586",".392","0.978","7.04",".414",16.7,46.7
"Cannon, Jonathan","686563","2024","475",17.4,7.7,".263",".440",".324","0.764","4.49",".332",21.7,47.1
"Pivetta, Nick","601713","2024","554",28.9,6.1,".231",".439",".277","0.716","4.14",".306",25.6,50.3
"Hurter, Brant","676428","2024","167",21.7,3.4,".204",".323",".230","0.553","2.58",".240",19.7,48.1
"Ramírez, Yohan","670990","2024","175",21.6,8.2,".280",".423",".379","0.802","6.20",".351",24.8,42.1
"Estrada, Jeremiah","669093","2024","224",37.3,9.1,".188",".277",".259","0.536","2.95",".239",36,53.7
"Sims, Lucas","608371","2024","179",22.8,14,".229",".413",".341","0.754","4.38",".331",25.5,46.4
"Jansen, Kenley","445276","2024","194",28.4,9.2,".196",".304",".271","0.575","3.29",".253",26.5,49.4
"Curry, Xzavion","675540","2024","164",16.3,4.1,".232",".476",".262","0.738","4.64",".309",20.8,51.2
"Brown, Ben","676962","2024","197",28.8,8.6,".208",".330",".276","0.606","3.58",".268",31.4,46.5
"Brazobán, Huascar","623211","2024","189",23.5,11.5,".201",".280",".304","0.584","3.83",".269",30,48.5
"Matz, Steven","571927","2024","171",17.4,7.9,".287",".468",".349","0.817","5.08",".352",18.1,48.3
"Mlodzinski, Carmen","669387","2024","184",22,9.1,".223",".315",".297","0.612","3.38",".272",26.1,48.2
"Johnson, Pierce","572955","2024","209",28.4,10.6,".230",".364",".318","0.682","3.67",".302",28.1,45.1
"Keller, Brad","641745","2024","175",16.7,7.8,".274",".491",".339","0.830","5.44",".358",21.1,46
"Wilson, Justin","458677","2024","192",24.4,6.2,".286",".495",".335","0.830","5.59",".354",25.1,55.1
"Ottavino, Adam","493603","2024","213",28.6,9.4,".230",".362",".324","0.686","4.34",".305",25.7,43.5
"Chafin, Andrew","605177","2024","211",28.5,12.6,".246",".341",".341","0.682","3.51",".301",34.5,46.1
"Leiter Jr., Mark","643410","2024","231",33.6,8.6,".238",".390",".313","0.703","4.50",".308",38.1,46.8
"Myers, Tobias","668964","2024","520",22.3,6.3,".242",".387",".295","0.682","3.00",".297",21.1,49.6
"Woods Richardson, Simeon","680573","2024","509",20.6,8.4,".246",".385",".310","0.695","4.17",".305",22.2,49.8
"Stanek, Ryne","592773","2024","212",27.8,10.4,".226",".387",".315","0.702","4.88",".307",33.2,51.5
"Lee, Dylan","669276","2024","221",31.7,7.1,".222",".376",".276","0.652","2.11",".277",37.7,57.4
"Hader, Josh","623352","2024","251",37.8,9,".171",".343",".248","0.591","3.80",".261",40.4,54.4
"Phillips, Evan","623465","2024","207",27.6,7.5,".232",".372",".291","0.663","3.62",".288",27.7,47.2
"Leahy, Kyle","681517","2024","178",17.3,5.2,".225",".354",".267","0.621","4.07",".270",22.3,52.2
"Hudson, Bryan","663542","2024","208",26.8,7.4,".135",".279",".209","0.488","1.73",".218",21.5,47.7
"Jackson, Luke","592426","2024","204",25.1,11.1,".255",".402",".342","0.744","5.09",".328",29.7,47
"Rogers, Trevor","669432","2024","491",17.3,10,".285",".458",".357","0.815","4.92",".350",20.9,46.2
"Díaz, Alexis","664747","2024","204",22.7,12.8,".206",".338",".326","0.664","3.99",".300",26.6,46.2
"Webb, Jacob","657097","2024","208",24.5,11.4,".192",".303",".287","0.590","3.02",".266",27.4,49.6
"Mayza, Tim","641835","2024","175",14.4,7.7,".309",".486",".359","0.845","6.33",".358",17.5,44.5
"Peguero, Elvis","665625","2024","197",20.7,11.9,".264",".360",".357","0.717","2.98",".317",27.4,47.5
"Gallen, Zac","668678","2024","561",25.1,8.7,".237",".376",".308","0.684","3.65",".301",26,44.2
"Suarez, José","660761","2024","208",23.3,11.3,".274",".495",".367","0.862","6.02",".371",27.5,46
"Hoeing, Bryan","663773","2024","196",20.5,6.7,".219",".316",".271","0.587","2.18",".259",22.5,45.5
"Schreiber, John","670167","2024","198",20.5,8.9,".242",".318",".321","0.639","3.66",".287",21.3,45.6
"Rainey, Tanner","663432","2024","197",19,12.6,".239",".416",".346","0.762","4.76",".335",26,49.1
"Pop, Zach","647315","2024","185",15.8,9.1,".243",".422",".317","0.739","5.59",".315",21.8,49.3
"Suárez, Albert","544150","2024","510",19.1,7.6,".255",".425",".314","0.739","3.70",".320",24.6,50.4
"Payamps, Joel","606303","2024","212",25.1,7.7,".184",".340",".253","0.593","3.05",".254",27.1,48.1
"Kolek, Stephen","663568","2024","195",18.5,5.7,".303",".410",".352","0.762","5.21",".336",20.9,49.3
"Kerkering, Orion","689147","2024","229",28.8,6.6,".223",".301",".297","0.598","2.29",".271",27.6,45.4
"Miller, Erik","669062","2024","244",30.6,13.4,".205",".344",".313","0.657","3.88",".296",30.4,43.5
"Herrin, Tim","682120","2024","225",26.5,9.7,".173",".240",".270","0.510","1.92",".236",29.3,47
"Cano, Yennier","666974","2024","223",26.1,9.6,".242",".372",".317","0.689","3.15",".303",27.7,48.4
"Pérez, Cionel","672335","2024","203",19.3,11.8,".232",".310",".338","0.648","4.53",".296",23.7,45.9
"Faedo, Alex","656412","2024","210",22.4,11.4,".233",".405",".328","0.733","3.61",".322",31.1,47.9
"Elder, Bryce","693821","2024","206",20.4,7.5,".311",".490",".367","0.857","6.52",".370",25.5,44
"Matsui, Yuki","673513","2024","226",26.8,10.5,".204",".381",".284","0.665","3.73",".283",31.8,50.4
"Rogers, Taylor","573124","2024","224",25.7,8.8,".237",".397",".309","0.706","2.40",".309",23.3,42.5
"Bido, Osvaldo","674370","2024","224",24.3,10,".192",".286",".295","0.581","3.41",".265",26.4,47.7
"Martinez, Seth","661527","2024","199",16.2,8.1,".246",".422",".321","0.743","3.59",".323",22.7,45.7
"Winn, Keaton","676775","2024","209",20.2,8.4,".268",".493",".338","0.831","7.16",".354",25.2,52.5
"Pressly, Ryan","519151","2024","220",23.8,7.4,".264",".395",".322","0.717","3.49",".314",26.9,50.3
"Voth, Austin","608723","2024","226",24.6,7.3,".204",".367",".271","0.638","3.69",".281",31.6,48.4
"Alvarado, José","621237","2024","228",24.4,10.9,".215",".346",".302","0.648","4.09",".288",28.2,46.6
"Jiménez, Joe","641729","2024","248",29.6,8.3,".181",".242",".260","0.502","2.62",".230",32.9,51.4
"Zerpa, Angel","672582","2024","216",20.4,8.3,".273",".403",".339","0.742","3.86",".323",15.8,43.3
"Stone, Gavin","694813","2024","537",20,6.4,".248",".402",".297","0.699","3.53",".304",24.6,50.5
"Gray, Sonny","543243","2024","623",30.3,5.8,".228",".401",".275","0.676","3.84",".292",29.6,48.7
"Scott, Tanner","656945","2024","251",28.6,12.2,".179",".243",".285","0.528","1.75",".241",32.7,51.8
"Priester, Quinn","682990","2024","202",14.9,6.3,".277",".421",".330","0.751","4.71",".327",22.2,50.1
"Bednar, David","670280","2024","227",22.1,10.7,".238",".410",".327","0.737","5.77",".319",27.6,50.9
"Baumann, Mike","657508","2024","228",22,10.6,".259",".456",".345","0.801","5.55",".344",24.5,48.6
"Sale, Chris","519242","2024","652",32.1,5.6,".216",".319",".269","0.588","2.38",".260",31,49
"McFarland, T.J.","519008","2024","210",16.6,7.2,".252",".367",".316","0.683","3.81",".293",18.9,46.2
"Iglesias, Raisel","628452","2024","238",26.3,5,".160",".248",".211","0.459","1.95",".200",31.5,52.3
"Puk, A.J.","640462","2024","262",29.9,9.5,".195",".324",".276","0.600","3.15",".265",31.8,49.3
"Stratton, Chris","608717","2024","214",17.1,12.8,".248",".397",".348","0.745","5.55",".326",20.4,42.9
"Montas, Frankie","593423","2024","576",22.6,10.1,".243",".420",".325","0.745","4.84",".325",24.9,48.7
"Morejon, Adrian","670970","2024","246",26.1,7.7,".256",".390",".314","0.704","2.83",".304",27.1,52.1
"Martinez, Justin","679885","2024","267",29.5,11.7,".221",".288",".316","0.604","2.48",".269",34.3,47.5
"Meyer, Max","676974","2024","225",18.5,7.7,".276",".560",".339","0.899","5.68",".381",23.9,47.5
"Foley, Jason","671345","2024","224",18.4,8,".228",".339",".293","0.632","3.15",".277",22.1,49.1
"Walker, Ryan","676254","2024","279",32.1,5.8,".179",".265",".251","0.516","1.91",".233",28.6,46
"Williams, Trevor","592866","2024","238",22.7,6.9,".214",".294",".265","0.559","2.03",".248",22.3,46.7
"Suarez, Robert","663158","2024","240",22.9,6.2,".217",".333",".265","0.598","2.77",".262",24.3,55.6
"Abreu, Bryan","650556","2024","285",31.7,9.8,".207",".344",".299","0.643","3.10",".288",34,46.2
"Waldron, Matt","663362","2024","568",21.3,6.4,".255",".430",".315","0.745","4.91",".323",20.7,45.3
"Weissert, Greg","669711","2024","237",22.1,7.6,".274",".401",".324","0.725","3.13",".310",20.1,48.3
"Cabrera, Génesis","650893","2024","235",18.5,10.7,".268",".443",".348","0.791","3.59",".338",26.1,48.6
"Junis, Jakob","596001","2024","241",20.2,3.2,".203",".361",".237","0.598","2.69",".259",24.6,47.8
"Peralta, Freddy","642547","2024","639",27.6,9.4,".224",".387",".307","0.694","3.68",".305",31,46.9
"Luzardo, Jesús","666200","2024","248",21.2,8,".246",".411",".311","0.722","5.00",".315",29.4,48.9
"Santana, Dennis","642701","2024","259",24,7.3,".220",".351",".287","0.638","3.89",".281",28.2,50.7
"Wesneski, Hayden","669713","2024","260",23.7,7.4,".215",".392",".279","0.671","3.86",".293",25.5,45.6
"Wentz, Joey","666214","2024","262",24,10.9,".252",".378",".340","0.718","4.68",".317",29.6,47.1
"Gaddis, Hunter","683769","2024","259",23.7,5,".166",".282",".219","0.501","1.57",".220",24.9,51.6
"Holmes, Grant","656550","2024","262",24.8,5.3,".252",".370",".294","0.664","3.56",".287",32.2,54
"Akin, Keegan","669211","2024","285",31,6.1,".193",".347",".244","0.591","3.32",".255",30,47.2
"King, John","667463","2024","225",15.3,5.6,".258",".351",".296","0.647","2.85",".280",17.3,50.6
"Knack, Landon","689017","2024","264",24.1,6.3,".220",".428",".276","0.704","3.65",".304",23.1,46
"Weaver, Luke","596133","2024","296",31.1,7.9,".176",".334",".248","0.582","2.89",".256",33.5,49.7
"Lambert, Peter","663567","2024","242",17.9,10.4,".302",".471",".374","0.845","5.72",".362",22,48
"King, Michael","650633","2024","653",27.7,8.7,".221",".346",".296","0.642","2.95",".284",29.2,45.4
"Kittredge, Andrew","552640","2024","263",23.3,7,".228",".395",".280","0.675","2.80",".289",27.8,53.5
"Hancock, Emerson","676106","2024","239",14.7,7.1,".259",".456",".327","0.783","4.75",".339",21.9,50
"Cronin, Declan","686539","2024","274",23.5,8.5,".274",".350",".346","0.696","4.35",".308",26.4,47.3
"Lively, Ben","594902","2024","577",18.7,7.8,".241",".419",".305","0.724","3.81",".315",18.6,46.6
"Vest, Will","676684","2024","261",21.8,6.2,".234",".310",".285","0.595","2.82",".261",24.3,49.9
"Banks, Tanner","621383","2024","277",25.2,7.7,".249",".361",".311","0.672","3.98",".293",26.1,48.2
"Contreras, Roansy","672710","2024","259",18.8,10.4,".243",".425",".330","0.755","4.35",".322",20.9,47.5
"Nelson, Ryne","669194","2024","583",20,5.4,".266",".446",".308","0.754","4.24",".322",18.2,51.8
"Megill, Tylor","656731","2024","298",27,9.5,".235",".372",".315","0.687","4.04",".304",28.6,49
"Ragans, Cole","666142","2024","685",29.3,8.8,".213",".334",".289","0.623","3.14",".277",31.8,48.9
"Strickland, Hunter","519326","2024","266",19.4,8.2,".211",".376",".280","0.656","3.31",".286",22.8,47
"Parker, Mitchell","680730","2024","595",20.6,6.7,".259",".408",".309","0.717","4.29",".311",22.3,51.4
"Cease, Dylan","656302","2024","684",29.4,8.5,".200",".332",".269","0.601","3.47",".266",32.3,48.2
"McKenzie, Triston","663474","2024","288",21.8,14.4,".240",".479",".351","0.830","5.11",".359",23.1,42.5
"Bibee, Tanner","676440","2024","651",26.3,6.2,".230",".406",".285","0.691","3.47",".299",26.8,51
"Soroka, Michael","647336","2024","294",24.2,12.7,".224",".415",".328","0.743","4.74",".324",24.7,43.3
"Gore, MacKenzie","669022","2024","649",24.8,8.9,".263",".398",".339","0.737","3.90",".324",28.6,50.4
"Valdez, Framber","664285","2024","634",24,7.8,".221",".323",".287","0.610","2.91",".272",27.2,44.9
"Bello, Brayan","678394","2024","622",21.8,9.1,".252",".394",".330","0.724","4.49",".319",25.9,46.3
"Spence, Mitch","687765","2024","598",19.4,6.8,".276",".455",".331","0.786","4.58",".340",22.5,50.6
"Schmidt, Clarke","657376","2024","309",26.3,8.5,".230",".356",".312","0.668","2.85",".296",29.4,44.2
"Manaea, Sean","640455","2024","662",24.9,8.5,".202",".338",".280","0.618","3.47",".275",26.1,49
"Civale, Aaron","650644","2024","627",21.6,7.5,".252",".440",".314","0.754","4.36",".327",21.9,45.2
"Beeks, Jalen","656222","2024","276",17.6,8.7,".279",".388",".346","0.734","4.50",".322",23.2,47.3
"Fried, Max","608331","2024","645",23.2,8,".226",".315",".295","0.610","3.25",".273",24.1,45.9
"Bellozo, Valente","678368","2024","270",14.9,7.1,".256",".481",".312","0.793","3.67",".338",19.5,45.4
"Miller, Bryce","682243","2024","654",24.3,6.4,".200",".338",".254","0.592","2.94",".260",24.3,48.9
"Blackburn, Paul","621112","2024","290",18.7,6.6,".262",".441",".317","0.758","4.66",".329",23.3,47.8
"Wacha, Michael","608379","2024","625",21.2,6.6,".246",".387",".300","0.687","3.35",".300",23.3,48.5
"Castillo, Luis","622491","2024","663",24.3,6.5,".238",".412",".293","0.705","3.64",".305",25.9,50.6
"Hill, Tim","657612","2024","265",10.7,6.6,".291",".340",".339","0.679","3.36",".300",12.8,50.8
"Rodriguez, Yariel","684320","2024","323",23.1,10.9,".229",".387",".319","0.706","4.47",".312",25.7,45.4
"Hjelle, Sean","663546","2024","314",22.3,4.2,".268",".398",".308","0.706","3.90",".306",21.2,45.2
"Gibson, Kyle","502043","2024","641",20.9,9.4,".251",".418",".324","0.742","4.24",".323",25.9,42.9
"Povich, Cade","700249","2024","313",19.6,9.7,".256",".454",".332","0.786","5.20",".339",22.3,47.2
"Buehler, Walker","621111","2024","308",18.6,8.1,".289",".506",".356","0.862","5.38",".370",19.4,45.4
"Wheeler, Zack","554430","2024","723",28.5,6.6,".192",".328",".253","0.581","2.57",".256",27.5,51.2
"Bassitt, Chris","605135","2024","667",22.2,9.2,".270",".397",".352","0.749","4.16",".331",21.6,45
"Cortes Jr., Nestor","641482","2024","661",22.8,5.5,".245",".421",".290","0.711","3.77",".307",24.2,50.4
"Fulmer, Carson","608334","2024","329",21.4,10.6,".246",".419",".334","0.753","4.15",".326",25.7,46.3
"Liberatore, Matthew","669461","2024","323",21.2,7.8,".251",".415",".312","0.727","4.40",".313",25,52.1
"Quintana, Jose","500779","2024","634",18.8,8.8,".237",".396",".314","0.710","3.75",".312",21.8,43.1
"Holton, Tyler","663947","2024","330",21.8,4.8,".173",".279",".222","0.501","2.19",".221",24.3,48.2
"Taillon, Jameson","592791","2024","633",18.5,4.9,".243",".387",".280","0.667","3.27",".289",19.5,48.2
"Ashcraft, Graham","668933","2024","316",16.3,7.7,".282",".434",".349","0.783","5.24",".342",21.9,49.3
"Hill, Rich","448179","2024","10",33.3,20,".100",".400",".333","0.733","4.91",".322",34.8,32.4
"Crawford, Brandon","543063","2024","7",0,20,".429",".429",".600","1.029","27.00",".474",0,28.6
"Henriquez, Edgardo","683618","2024","12",35.7,14.3,".167",".167",".286","0.453","2.70",".224",25.9,45.8
"Kristofak, Zac","670219","2024","8",18.2,18.2,".375",".625",".455","1.080","0.00",".434",40,38.5
"Orze, Eric","679358","2024","8",9.1,18.2,".375",".750",".545","1.295","21.60",".537",11.1,42.9
"Logue, Zach","656657","2024","12",33.3,0,".500",".833",".500","1.333","18.00",".569",34.6,60.5
"McDonald, Trevor","686790","2024","9",10,10,".000",".000",".100","0.100","0.00",".069",15,51.3
"Loutos, Ryan","702795","2024","9",0,10,".222",".333",".300","0.633","0.00",".283",14.3,40
"Senga, Kodai","673540","2024","18",45,5,".111",".278",".200","0.478","3.38",".217",30,54.8
"Burrows, Mike","681347","2024","11",14.3,21.4,".182",".455",".357","0.812","2.70",".357",12.1,48.5
"Mena, Cristian","691441","2024","12",13.3,20,".333",".833",".467","1.300","12.00",".529",29.4,48.6
"Gilbreath, Lucas","656458","2024","10",0,8.3,".700","1.200",".750","1.950","54.00",".791",0,38.3
"Buchanan, David","571527","2024","12",7.1,14.3,".167",".250",".286","0.536","2.70",".251",18.2,37.9
"Feigl, Brady","621399","2024","11",0,0,".636","1.091",".636","1.727","32.40",".735",9.5,47.7
"Bowlan, Jonathan","680742","2024","14",17.6,17.6,".429","1.071",".529","1.600","13.50",".639",31.3,47.1
"Duarte, Daniel","650960","2024","14",20,6.7,".143",".429",".200","0.629","2.25",".266",22.6,55.4
"Gutierrez, Vladimir","661269","2024","15",23.5,11.8,".200",".400",".294","0.694","6.75",".305",28.9,47.5
"Uwasawa, Naoyuki","683822","2024","14",18.8,12.5,".143",".214",".250","0.464","2.25",".220",18.5,43.5
"Curtiss, John","595928","2024","12",8.3,0,".500","1.167",".500","1.667","15.43",".698",24,65.8
"López, Pablo","641154","2024","715",25.6,5.3,".252",".407",".298","0.705","4.08",".306",27,51.8
"Eflin, Zach","621107","2024","653",19.6,3.5,".254",".404",".283","0.687","3.59",".297",21.6,50
"Smith-Shawver, AJ","700363","2024","16",22.2,11.1,".188",".188",".278","0.466","0.00",".224",20.9,49.4
"Jacques, Joe","682175","2024","14",12.5,6.3,".429",".714",".500","1.214","9.00",".515",16.7,48
"Jobe, Jackson","695549","2024","14",12.5,6.3,".071",".071",".133","0.204","0.00",".105",9.5,43.8
"Crawford, Kutter","676710","2024","695",23.1,6.7,".223",".419",".284","0.703","4.36",".304",25.3,52
"Raley, Brooks","548384","2024","21",36,12,".095",".143",".200","0.343","0.00",".168",24.1,45.4
"Houck, Tanner","656557","2024","674",20.7,6.5,".231",".320",".296","0.616","3.12",".276",22.5,46.8
"McDermott, Chayce","694646","2024","15",16.7,11.1,".333",".533",".389","0.922","6.75",".386",25.6,52.4
"Lamet, Dinelson","659275","2024","15",16.7,11.1,".133",".333",".222","0.555","2.08",".213",14.3,47.3
"Villalobos, Eli","681871","2024","16",16.7,11.1,".188",".438",".278","0.716","2.08",".309",24.1,40.8
"Reyes Jr., Gerardo","622103","2024","15",11.1,16.7,".267",".400",".389","0.789","4.50",".352",13.2,48.1
"Sterner, Justin","686993","2024","17",21.1,5.3,".294",".412",".316","0.728","2.25",".286",36.1,56.3
"Lyles, Jordan","543475","2024","17",15.8,10.5,".118",".235",".211","0.446","0.00",".205",28.9,52.8
"Vanasco, Ricky","676568","2024","15",6.7,0,".200",".267",".200","0.467","6.75",".201",17.4,51.1
"Nelson, Nick","656793","2024","23",30.8,7.7,".348",".435",".423","0.858","5.06",".379",22.7,45.8
"Montgomery, Mason","682254","2024","32",45.9,13.5,".188",".281",".297","0.578","1.86",".266",47,52.5
"Johnson, Seth","686751","2024","14",0,16.7,".571",".929",".611","1.540","34.71",".613",24,43.1
"Iriarte, Jairo","683568","2024","21",20,26.7,".143",".143",".367","0.510","1.50",".272",24.4,32.8
"Robert, Daniel","642016","2024","22",23.1,7.7,".273",".409",".385","0.794","3.18",".357",27.7,45.6
"Adcock, Ty","686654","2024","19",14.3,9.5,".368","1.000",".429","1.429","14.54",".582",15.9,51.2
"Loáisiga, Jonathan","642528","2024","19",15,5,".368",".368",".400","0.768","0.00",".343",15.6,52.5
"Pfaadt, Brandon","694297","2024","707",24.3,5.5,".259",".421",".302","0.723","4.71",".312",25.4,49.3
"Hernandez, Jose E.","669796","2024","21",16,16,".238",".476",".360","0.836","3.38",".350",34.1,49.4
"Singer, Brady","663903","2024","693",22.3,7.1,".253",".405",".315","0.720","3.71",".316",25.1,44.7
"Maciejewski, Josh","656671","2024","25",25.9,7.4,".160",".320",".222","0.542","2.57",".239",30,52.1
"Andriese, Matt","542882","2024","25",26.9,3.8,".280",".640",".308","0.948","6.00",".384",16,56.8
"Graterol, Brusdar","660813","2024","25",26.9,3.8,".120",".120",".154","0.274","2.45",".128",26.5,48.5
"Neely, Jack","680891","2024","26",25,7.1,".308",".538",".357","0.895","9.00",".385",42.3,53.1
"Crismatt, Nabil","622503","2024","26",23.1,0,".269",".423",".269","0.692","2.57",".297",21.6,54.8
"Eisert, Brandon","685126","2024","22",7.7,15.4,".227",".273",".346","0.619","4.05",".290",18,45.5
"Pruitt, Austin","643493","2024","20",4.2,12.5,".400",".900",".458","1.358","12.46",".535",5.7,44.9
"Zastryzny, Rob","642239","2024","26",17.2,3.4,".154",".192",".214","0.406","1.17",".190",29.2,60.5
"Walters, Andrew","689958","2024","26",18.8,15.6,".038",".077",".188","0.265","0.00",".147",33.8,53.8
"Foster, Matt","641582","2024","25",13.3,16.7,".200",".360",".333","0.693","2.70",".313",14.3,45.4
"Burdi, Nick","595897","2024","34",26.7,20,".147",".235",".356","0.591","1.86",".294",26.7,41
"Reynolds, Sean","669308","2024","42",42.9,10.2,".238",".310",".327","0.637","0.82",".288",39.2,43.1
"Graceffo, Gordon","700669","2024","28",19.4,6.5,".250",".500",".290","0.790","4.70",".329",25,53.3
"Hernandez, Nick","663321","2024","33",29.4,2.9,".303",".667",".324","0.991","7.88",".417",29.2,46.8
"Hurt, Kyle","669165","2024","26",11.1,3.7,".308",".385",".333","0.718","1.35",".314",25.5,63.2
"Gausman, Kevin","592332","2024","693",21.4,7.4,".238",".392",".296","0.688","3.83",".300",23.4,49.9
"Bermudez, Jonathan","642834","2024","28",12.1,6.1,".393",".714",".455","1.169","8.10",".484",17.3,43
"Shugart, Chase","663767","2024","33",22.2,8.3,".242",".364",".306","0.670","4.15",".296",17.5,56.3
"Guerrero, Luis","692285","2024","33",25,5.6,".182",".212",".222","0.434","0.00",".196",26.6,48.1
"Bachar, Lake","669199","2024","36",27.5,10,".278",".472",".350","0.822","3.86",".357",27.1,43.5
"Winder, Josh","680739","2024","33",26.3,2.6,".212",".242",".263","0.505","3.00",".228",34.3,47.5
"Canning, Griffin","656288","2024","656",17.6,8.9,".265",".459",".334","0.793","5.19",".341",24.4,48.4
"Paddack, Chris","663978","2024","360",20.6,5.5,".283",".444",".323","0.767","4.99",".332",24,49.4
"Lopez, Jacob","682052","2024","37",17.4,15.2,".135",".324",".304","0.628","5.23",".291",23.2,38.8
"Newcomb, Sean","656794","2024","35",15.6,17.8,".257",".457",".409","0.866","6.30",".376",19.7,41.3
"Gomber, Austin","596295","2024","653",16.7,5.5,".273",".482",".312","0.794","4.75",".339",19.7,48.3
"Gray, Josiah","680686","2024","37",20.5,11.4,".405",".703",".455","1.158","14.04",".474",30.6,48.3
"Waguespack, Jacob","621097","2024","41",21.6,19.6,".317",".439",".451","0.890","5.40",".397",38.2,40.3
"Gilbert, Logan","669302","2024","756",27.4,4.6,".196",".353",".236","0.589","3.23",".255",31.7,50.4
"Lucchesi, Joey","664192","2024","37",15.2,17.4,".216",".378",".356","0.734","5.23",".330",12.7,44.1
"Francis, Bowden","670102","2024","377",22.5,5.4,".196",".371",".253","0.624","3.30",".272",21.2,51.7
"Wingenter, Trey","622259","2024","37",14.3,9.5,".351",".541",".415","0.956","9.72",".413",30.7,49.2
"Carasiti, Matt","571539","2024","39",16.3,7,".410",".641",".465","1.106","10.38",".473",15.5,49.4
"Hartlieb, Geoff","664129","2024","39",15.9,9.1,".333",".564",".386","0.950","9.00",".393",19.5,55.8
"Yarbrough, Ryan","642232","2024","348",16.3,8,".201",".325",".289","0.614","3.19",".273",20.9,47.4
"Herget, Jimmy","623474","2024","49",28.8,5.8,".265",".449",".308","0.757","4.38",".327",27.8,51.3
"Frías, Luis","666818","2024","45",22.6,13.2,".422",".689",".491","1.180","13.97",".493",25.2,46.7
"Snead, Kirby","669912","2024","41",14.6,14.6,".293",".439",".396","0.835","4.35",".367",26.3,40.8
"Castellanos, Humberto","528748","2024","41",14.6,8.3,".268",".341",".354","0.695","5.23",".313",15.6,48.4
"Kilian, Caleb","668873","2024","41",14.6,12.5,".268",".463",".362","0.825","4.22",".360",20.2,50.3
"Espino, Paolo","502179","2024","37",6.8,11.4,".378",".811",".455","1.266","8.31",".512",12.7,44.9
"Díaz, Jhonathan","646242","2024","44",17,6.4,".318",".568",".362","0.930","4.66",".395",15.4,47
"Dana, Caden","702674","2024","43",15.4,13.5,".326",".744",".423","1.167","9.58",".478",26.9,45.1
"Gómez, Yoendrys","672782","2024","44",18.5,13,".250",".455",".352","0.807","3.97",".346",28.7,47.2
"Junk, Janson","676083","2024","43",16.7,8.3,".512",".814",".542","1.356","14.63",".566",15.1,53.1
"Legumina, Casey","668984","2024","44",14.9,4.3,".341",".568",".383","0.951","8.68",".407",10.2,53
"Almonte, Yency","622075","2024","56",29.9,11.9,".161",".268",".284","0.552","3.45",".249",30.9,41.2
"Zeferjahn, Ryan","666171","2024","55",28.1,9.4,".127",".145",".234","0.379","2.12",".181",31.4,50.5
"de Geus, Brett","676969","2024","44",13.5,7.7,".318",".455",".412","0.867","7.15",".382",18.4,44.8
"Beede, Tyler","595881","2024","54",26.5,13.2,".296",".500",".418","0.918","8.36",".393",29.7,44.5
"Walker, Josh","677020","2024","47",19.6,12.5,".277",".426",".357","0.783","5.11",".338",25.7,47
"Stewart, Brock","592779","2024","59",29.9,11.9,".254",".407",".343","0.750","5.17",".331",30.4,50.4
"Miller, Ryan","668943","2024","50",19,13.8,".260",".440",".362","0.802","4.15",".340",19.6,51.1
"Senzatela, Antonio","622608","2024","46",13,14.8,".326",".587",".426","1.013","6.57",".432",17.6,41.7
"Heller, Ben","621294","2024","54",22.7,9.1,".352",".500",".470","0.970","11.25",".423",29.6,42.4
"Palencia, Daniel","694037","2024","56",23.2,17.4,".250",".339",".391","0.730","6.14",".336",28.3,45.6
"Quijada, José","650671","2024","63",28.6,20.2,".190",".254",".373","0.627","3.26",".305",33.7,47
"Zulueta, Yosver","691172","2024","61",29,10.1,".246",".393",".333","0.726","4.96",".322",21.6,38.8
"Mushinski, Parker","656786","2024","43",6,10,".256",".395",".340","0.735","6.55",".323",16.3,44.3
"Cueto, Johnny","456501","2024","47",12,6,".298",".681",".340","1.021","7.15",".420",14.1,46.7
"Gillaspie, Logan","670810","2024","47",14.3,0,".319",".511",".327","0.838","7.15",".355",17.2,61.6
"Burnes, Corbin","669203","2024","731",23.1,6.1,".226",".347",".274","0.621","2.92",".273",28.6,48.8
"García, Deivi","665620","2024","56",22.1,16.2,".286",".411",".397","0.808","7.07",".354",32.8,42
"Rogers, Josh","642028","2024","43",6,6,".349",".512",".400","0.912","6.55",".382",12.7,46.5
"Lazar, Max","676661","2024","52",16.7,3.7,".250",".442",".278","0.720","4.61",".309",20,49.1
"Pinto, Ricardo","620982","2024","51",13.6,8.5,".373",".608",".441","1.049","10.97",".444",22.9,47.7
"Romano, Jordan","605447","2024","56",21,6.5,".286",".554",".344","0.898","6.59",".378",24.3,47.9
"Rodriguez, Carlos","692230","2024","52",15.8,5.3,".365",".596",".393","0.989","7.30",".418",18.4,48.9
"Montero, Keider","672456","2024","378",18.7,7.5,".265",".463",".325","0.788","4.76",".341",21.5,48.3
"Smith, Drew","622098","2024","68",29.1,11.4,".265",".441",".342","0.783","3.06",".337",31,53
"Holman, Grant","680880","2024","63",21.9,12.3,".270",".365",".370","0.735","4.02",".327",28.5,46.9
"Sborz, Josh","622250","2024","65",25,4.4,".246",".354",".279","0.633","3.86",".277",23,48.9
"Criswell, Jeff","676105","2024","76",31,10.3,".263",".474",".345","0.819","2.75",".353",39,46.3
"Cosgrove, Tom","676680","2024","65",19.7,7.9,".354",".523",".440","0.963","11.66",".421",18.9,44.3
"Hernández, Elieser","622694","2024","59",12.5,7.8,".237",".542",".297","0.839","6.32",".355",23.2,44.6
"Reid-Foley, Sean","656887","2024","75",27.8,15.6,".173",".200",".300","0.500","1.66",".243",29.4,44.2
"Walston, Blake","686796","2024","70",21.7,12,".229",".429",".349","0.778","4.42",".344",22.1,44.9
"Castro, Miguel","612434","2024","59",12.5,4.7,".339",".610",".381","0.991","5.93",".421",18.5,46.6
"Stripling, Ross","548389","2024","353",12.9,5.8,".309",".453",".347","0.800","6.01",".344",16.9,47.9
"Clevinger, Mike","605182","2024","69",19.2,11.5,".319",".594",".397","0.991","6.75",".418",26.6,47.2
"Ryan, River","689981","2024","72",22.2,11.1,".208",".278",".296","0.574","1.33",".263",23.9,46.8
"Crouse, Hans","668968","2024","87",31.8,15.9,".161",".276",".311","0.587","2.84",".273",35.4,44.6
"Pennington, Walter","679156","2024","71",20.2,13.1,".268",".380",".381","0.761","3.00",".342",26.5,45.8
"Alzolay, Adbert","640470","2024","68",17.3,8,".279",".559",".347","0.906","4.67",".387",22.9,46.5
"Thompson, Zack","668868","2024","74",24.1,9.6,".324",".622",".398","1.020","9.53",".432",24,47.3
"Zuñiga, Guillo","670871","2024","66",15.8,10.5,".242",".515",".329","0.844","5.09",".350",20.5,45
"Marte, José","665896","2024","68",17.5,12.5,".206",".309",".313","0.622","2.33",".283",27.1,45
"Bolton, Cody","675989","2024","73",20.5,10.8,".247",".438",".325","0.763","4.34",".330",24.8,42.6
"Mikolas, Miles","571945","2024","683",16.9,3.5,".284",".485",".312","0.797","5.35",".339",16.4,49.8
"Corbin, Patrick","571578","2024","697",18.2,7.1,".298",".486",".348","0.834","5.62",".357",22.3,48.2
"Kirby, George","669923","2024","740",23,3,".245",".393",".272","0.665","3.53",".287",23.9,53.4
"Criswell, Cooper","681867","2024","377",17.2,7.3,".273",".422",".333","0.755","4.08",".327",17.2,44.6
"Paxton, James","572020","2024","379",16.7,11.4,".251",".404",".336","0.740","4.40",".324",21,47.2
"Hentges, Sam","656529","2024","85",29.7,5.5,".212",".388",".256","0.644","3.04",".278",29.2,47.9
"Nola, Aaron","605400","2024","764",24,6.1,".247",".421",".295","0.716","3.57",".310",25.1,48.6
"Bush, Ky","681066","2024","69",12.6,18.4,".290",".449",".425","0.874","5.60",".382",22.1,41.5
"Little, Luke","681432","2024","86",25.7,16.5,".174",".256",".339","0.595","3.46",".282",26.8,35.8
"Paredes, Enoli","660600","2024","75",18.4,11.5,".173",".227",".287","0.514","1.66",".245",28.2,44.5
"Emanuel, Kent","592288","2024","71",14.6,8.5,".282",".521",".366","0.887","6.62",".379",12.2,40.7
"Ramirez, Emmanuel","642629","2024","80",22.8,8.7,".263",".500",".348","0.848","6.97",".362",27.9,46.4
"Lodolo, Nick","666157","2024","437",24.7,7.5,".231",".380",".316","0.696","4.76",".309",27.8,46.4
"Marinaccio, Ron","676760","2024","83",25.3,10.1,".217",".410",".316","0.726","3.86",".317",27.9,45.3
"Means, John","607644","2024","76",20,2.5,".211",".368",".237","0.605","2.61",".259",26.3,48.8
"Ryan, Ryder","656924","2024","78",18.3,9.7,".269",".436",".359","0.795","5.66",".346",23.5,52.6
"Gallegos, Giovanny","606149","2024","84",22.3,10.6,".286",".607",".362","0.969","6.53",".409",26.7,46.6
"Ort, Kaleb","672391","2024","89",28,4.3,".180",".438",".215","0.653","2.55",".277",26.8,50
"Sauer, Matt","669422","2024","71",10.7,13.1,".324",".535",".417","0.952","7.71",".408",15.9,48
"Baker, Bryan","641329","2024","85",24.7,7.5,".235",".435",".290","0.725","5.01",".311",23.9,48.6
"Brewer, Colten","605155","2024","82",23.2,9.5,".293",".427",".358","0.785","5.66",".339",26.3,44.8
"Ray, Robbie","592662","2024","106",33.3,11.6,".189",".387",".320","0.707","4.70",".316",36,48.9
"Petersen, Michael","656848","2024","76",15.6,12.2,".276",".474",".367","0.841","5.95",".358",19.7,51.8
"Nance, Tommy","667297","2024","81",20.4,9.7,".222",".370",".304","0.674","4.09",".288",25.7,43.5
"Carrasco, Carlos","471911","2024","406",19.9,7.4,".276",".505",".336","0.841","5.64",".360",22.6,48.7
"Horn, Bailey","690544","2024","75",14.8,11.4,".293",".547",".368","0.915","6.50",".379",22.1,46.2
"Manoah, Alek","666201","2024","90",25.2,7.8,".189",".378",".282","0.660","3.70",".291",28.2,47.7
"Kerr, Ray","678061","2024","92",26.2,6.8,".315",".533",".379","0.912","5.64",".390",35.5,48.6
"Germán, Domingo","593334","2024","84",18,13,".298",".464",".404","0.868","7.84",".379",20.3,48.8
"Santillan, Tony","663574","2024","113",37.7,7.4,".186",".319",".246","0.565","3.00",".250",29.6,50.2
"Festa, Matt","670036","2024","90",24,8,".233",".389",".300","0.689","5.70",".296",26.2,55.6
"Basso, Brady","669620","2024","87",20.4,5.4,".264",".379",".301","0.680","4.03",".297",24.1,46.3
"Wilson, Bryse","669060","2024","405",18.6,7,".252",".432",".311","0.743","4.04",".323",20.7,48.3
"González, Victor","624647","2024","81",11.3,13.4,".160",".296",".299","0.595","3.86",".277",18.1,43
"Englert, Mason","669438","2024","87",17.2,5.4,".264",".529",".312","0.841","5.40",".353",27.4,52.1
"Thompson, Keegan","624522","2024","107",28.3,14.2,".178",".318",".294","0.612","2.67",".277",27.8,45.5
"Anderson, Shaun","641312","2024","82",11.8,1.2,".415",".659",".424","1.083","8.27",".458",13.6,51.2
"Hicks, Jordan","663855","2024","423",20,9.8,".265",".414",".349","0.763","4.10",".336",24.3,44.3
"Davis, Noah","663562","2024","88",15.6,7.3,".352",".523",".400","0.923","5.75",".399",16.5,49.9
"Madden, Ty","680744","2024","91",16.8,7.9,".275",".396",".337","0.733","4.30",".322",24.4,50.9
"Rasmussen, Drew","656876","2024","109",30.2,5.2,".229",".275",".267","0.542","2.83",".242",31.4,47.9
"Jackson, Jay","543351","2024","105",25.4,7.9,".267",".524",".325","0.849","7.52",".362",25.7,49
"Sammons, Bryan","676614","2024","94",17.3,8.7,".170",".383",".250","0.633","3.62",".277",23.3,50.5
"Bubic, Kris","663460","2024","112",32.2,4.1,".232",".348",".261","0.609","2.67",".252",30.5,50.5
"Diekman, Jake","518617","2024","114",27.6,16.6,".202",".447",".354","0.801","5.63",".350",28.7,42.3
"Varland, Gus","681402","2024","106",23.5,7,".283",".406",".339","0.745","3.42",".324",24.5,47.5
"Rosenberg, Kenny","670046","2024","96",16.3,7.7,".292",".510",".346","0.856","6.00",".365",22.2,46.9
"White, Mitch","669952","2024","92",11.8,11.8,".283",".500",".370","0.870","7.23",".366",16,51.3
"Devenski, Chris","606965","2024","108",19.7,11.5,".259",".583",".344","0.927","6.75",".392",27.1,45
"Hernández, Carlos","672578","2024","109",20.9,12.4,".220",".321",".318","0.639","3.30",".287",25.6,49.5
"Soriano, George","666277","2024","112",22.1,9.9,".241",".509",".336","0.845","6.75",".360",25.5,45.3
"Kelly, Joe","523260","2024","119",24.5,11.2,".261",".412",".369","0.781","4.78",".344",22,46.2
"Pepiot, Ryan","686752","2024","481",26.3,8.9,".212",".364",".292","0.656","3.60",".290",29.9,48
"Minter, A.J.","621345","2024","121",26.1,8.2,".198",".364",".271","0.635","2.62",".277",28.4,52.7
"Mize, Casey","663554","2024","417",17.3,6.4,".290",".436",".336","0.772","4.49",".335",21.9,49.5
"Schwellenbach, Spencer","680885","2024","468",25.4,4.6,".226",".391",".271","0.662","3.35",".286",27.4,53.1
"García, Yimi","554340","2024","138",32,7.8,".167",".348",".243","0.591","3.46",".252",28.7,51.2
"Joyce, Ben","690829","2024","124",23.2,9.9,".210",".250",".310","0.560","2.08",".263",29,49.7
"Lowder, Rhett","695076","2024","114",17.2,10.9,".219",".237",".305","0.542","1.17",".253",20.1,47
"Hodge, Porter","687863","2024","144",31.7,11.6,".132",".215",".238","0.453","1.88",".214",32.8,45.2
"Crochet, Garrett","676979","2024","555",35.1,5.5,".222",".371",".271","0.642","3.58",".280",33,53.2
"Uceta, Edwin","670955","2024","149",35.8,5,".174",".255",".222","0.477","1.51",".213",34,51.6
"Gasser, Robert","688107","2024","106",14,0.9,".264",".330",".283","0.613","2.57",".268",21.6,52.1
"Ureña, José","570632","2024","414",15.1,8.4,".254",".399",".321","0.720","3.80",".314",23.1,47
"Allen, Logan","663531","2024","114",16.4,7.8,".281",".412",".344","0.756","5.46",".330",19.7,49.6
"Ferrer, Jose A.","678606","2024","119",19.4,4.7,".227",".277",".271","0.548","3.38",".245",22,48.7
"Kershaw, Clayton","477132","2024","119",18,6.8,".303",".429",".353","0.782","4.50",".336",21.3,50.2
"Woo, Bryan","693433","2024","454",21.4,2.8,".211",".337",".237","0.574","2.89",".249",23.5,53.3
"Peterson, David","656849","2024","453",19.8,9,".243",".349",".320","0.669","2.90",".299",25.5,47.8
"Roycroft, Chris","688297","2024","130",21.3,11,".238",".354",".338","0.692","4.19",".309",22.1,45.6
"Adams, Austin","613534","2024","152",27.7,12,".250",".408",".389","0.797","3.92",".354",35.3,41.5
"Howard, Spencer","675921","2024","128",18.8,9.7,".344",".547",".406","0.953","6.21",".408",24,51.2
"Aguiar, Julian","687924","2024","123",13.6,8.6,".244",".488",".336","0.824","6.25",".354",18.6,49.6
"Hamilton, Ian","641656","2024","142",25.2,8.6,".261",".373",".331","0.704","3.82",".310",36.5,50.4
"Boyd, Matthew","571510","2024","150",27.7,7.8,".213",".347",".283","0.630","2.72",".279",29.7,48.9
"Webb, Logan","657277","2024","783",20.5,5.9,".258",".355",".302","0.657","3.47",".288",20.7,46.2
"Blalock, Bradley","687134","2024","126",13.6,13.6,".278",".468",".381","0.849","5.87",".371",20.6,46.6
"Ryan, Joe","657746","2024","507",27.3,4.3,".217",".400",".257","0.657","3.60",".282",26.6,50.9
"Saucedo, Tayler","642048","2024","146",22.9,10.8,".240",".356",".331","0.687","3.49",".301",27.8,46
"Funderburk, Kody","681892","2024","136",19.9,9.3,".301",".478",".381","0.859","6.49",".370",25,42.3
"Sewald, Paul","623149","2024","151",26.1,6.1,".232",".437",".291","0.728","4.31",".311",24.4,52.8
"Greene, Hunter","668881","2024","526",27.7,9.3,".183",".298",".283","0.581","2.75",".265",29.7,50.6
"Alexander Jr., Scott","518397","2024","139",19.4,9.4,".223",".338",".304","0.642","2.56",".268",19.4,49.1
"Kahnle, Tommy","592454","2024","158",25.7,10.6,".190",".342",".285","0.627","2.11",".278",36,47.7
"Long, Sam","669674","2024","156",25,9.7,".218",".353",".297","0.650","3.16",".286",27.5,47.6
"Treinen, Blake","595014","2024","170",30.4,6,".194",".335",".250","0.585","1.93",".257",27.9,48.2
"Lorenzen, Michael","547179","2024","468",18.1,11,".216",".372",".310","0.682","3.31",".303",22.6,44.7
"Honeywell Jr., Brent","641703","2024","132",12,8,".242",".371",".311","0.682","2.63",".300",15.3,46.2
"Garrett, Braxton","666129","2024","152",21.1,2.5,".263",".414",".304","0.718","5.35",".313",21.8,47.6
"Montero, Rafael","606160","2024","141",14,11.6,".248",".461",".348","0.809","4.70",".352",17.9,45.1
"Tate, Dillon","622253","2024","147",16.5,7.3,".286",".381",".354","0.735","4.66",".326",18.9,45.8
"Nardi, Andrew","677053","2024","188",33.3,8.6,".234",".426",".301","0.727","5.07",".312",31.1,51.8
"Martin, Chris","455119","2024","170",27.8,1.7,".276",".382",".298","0.680","3.45",".293",23.9,54
"Miller, Mason","695243","2024","225",41.8,8.4,".160",".262",".233","0.495","2.49",".218",40.1,52.3
"Irvin, Cole","608344","2024","450",15.9,5.9,".293",".498",".340","0.838","5.11",".357",16.7,48.3
"Steele, Justin","657006","2024","506",24.3,6.7,".219",".336",".276","0.612","3.07",".271",23.6,51.5
"Fairbanks, Pete","664126","2024","166",23.8,9.2,".217",".313",".288","0.601","3.57",".265",21.8,44.8
"Latz, Jacob","656641","2024","162",20.8,14.1,".241",".377",".349","0.726","3.71",".318",28.3,47.4
"Hernández, Jonathan","642546","2024","160",20.3,14.6,".256",".431",".366","0.797","5.40",".348",30.1,46.7
"Booser, Cam","592155","2024","164",23.5,8.7,".250",".390",".311","0.701","3.38",".304",28.9,52.8
"Boyle, Joe","671212","2024","179",24.8,17.7,".235",".346",".382","0.728","6.42",".334",30.2,39.4
"Scherzer, Max","453286","2024","165",22.6,5.6,".242",".436",".288","0.724","3.95",".312",29.2,54.7
"Hall, DL","669084","2024","170",22.3,10.7,".282",".418",".372","0.790","5.02",".350",23.6,43.4
"Medina, Luis","665622","2024","156",17.8,11.1,".276",".417",".356","0.773","5.18",".336",19.2,48.5
"Sánchez, Sixto","664350","2024","142",10.5,8.6,".303",".430",".375","0.805","6.06",".354",13.2,46.4
"Wood, Alex","622072","2024","158",17.7,10.2,".323",".519",".408","0.927","5.26",".398",20.4,42.2
"Oller, Adam","670124","2024","165",19,11.6,".261",".436",".354","0.790","5.31",".347",21.5,43.2
"Dubin, Shawn","681869","2024","176",23.7,12.6,".256",".375",".353","0.728","4.17",".324",26.3,42.5
"Garrett, Reed","657585","2024","212",33.6,12.1,".236",".363",".333","0.696","3.77",".310",37.3,45.9
"Arrighetti, Spencer","681293","2024","557",27.1,10.3,".250",".424",".334","0.758","4.53",".332",27.7,47.2
"Weems, Jordan","607179","2024","170",17.9,12.2,".288",".482",".383","0.865","6.70",".376",20.3,49
"Smith, Will","519293","2024","165",15.6,8.1,".273",".467",".342","0.809","6.53",".347",23.4,47
"Holderman, Colin","670059","2024","188",25.1,11.2,".223",".367",".324","0.691","3.16",".307",29,45.6
"Little, Brendon","663893","2024","172",18.7,9.8,".238",".390",".318","0.708","3.74",".309",29.1,46
"Barlow, Scott","605130","2024","204",28.2,12.9,".216",".358",".328","0.686","4.25",".306",33.6,42.6
"Grove, Michael","675627","2024","191",25,7.4,".241",".382",".316","0.698","5.12",".308",26.4,46.3
"Turnbull, Spencer","605513","2024","197",26.1,9,".188",".325",".279","0.604","2.65",".272",24.9,42.6
"Banda, Anthony","607455","2024","185",23.9,8.6,".238",".351",".309","0.660","3.08",".281",30,52.2
"Thielbar, Caleb","573204","2024","188",24.5,11.1,".266",".410",".344","0.754","5.32",".327",24.7,48.4
"Vesia, Alex","681911","2024","223",33.1,12.5,".148",".291",".260","0.551","1.76",".246",31.3,47.5
"Duran, Jhoan","661395","2024","204",28.9,6.6,".235",".363",".305","0.668","3.64",".292",32.9,49
"Moore, Matt","519043","2024","179",19.5,12.4,".218",".436",".324","0.760","5.03",".329",26.7,48.6
"Strahm, Matt","621381","2024","217",33.3,4.6,".166",".276",".224","0.500","1.87",".221",26.7,53.1
"Thorpe, Drew","689672","2024","165",13.2,11.1,".212",".424",".302","0.726","5.48",".315",23.9,45.9
"Bernardino, Brennan","657514","2024","195",24.8,9.7,".256",".405",".347","0.752","4.06",".322",21.8,44.8
"Faucher, Calvin","676534","2024","199",26.8,11.1,".246",".342",".339","0.681","3.19",".299",27.9,43.6
"Ortiz, Luis","682847","2024","500",19.2,7.6,".218",".372",".288","0.660","3.32",".287",20.9,48.1
"Harvey, Hunter","640451","2024","197",25.1,7.3,".259",".442",".330","0.772","4.44",".333",27.1,51.3
"Cruz, Fernando","518585","2024","250",37.8,12.2,".216",".388",".314","0.702","4.86",".307",38.2,46.7
"Roupp, Landen","694738","2024","190",21.7,12,".226",".326",".323","0.649","3.58",".294",25,41
"Scott, Christian","681035","2024","180",19.8,6.1,".250",".433",".303","0.736","4.56",".318",21.6,51.2
"Soto, Gregory","642397","2024","206",26.6,11.1,".272",".398",".374","0.772","4.42",".340",31,47.1
"Sandlin, Nick","680704","2024","207",27.6,11,".222",".435",".325","0.760","3.75",".328",33.5,47.1
"Martin, Davis","663436","2024","192",21.4,10.5,".260",".365",".355","0.720","4.32",".324",26.8,48.5
"Rodríguez, Randy","678495","2024","196",24,8.1,".240",".372",".311","0.683","4.30",".301",29.6,48.1
"Brito, Jhony","666745","2024","173",15.7,5.4,".283",".387",".321","0.708","4.12",".308",19,48.7
"McCaughan, Darren","670766","2024","171",14.4,7.7,".310",".532",".379","0.911","6.21",".390",15.5,45.1
"López, Jorge","605347","2024","196",23.1,8.3,".235",".372",".306","0.678","2.89",".298",23.1,43.3
"Montgomery, Jordan","656756","2024","478",15.6,8.3,".312",".496",".369","0.865","6.23",".370",26.8,49.6
"Ruiz, José","614179","2024","196",24,7.8,".260",".423",".318","0.741","3.71",".320",27.6,50.8
"Bender, Anthony","669622","2024","204",25.9,7.9,".245",".353",".317","0.670","4.08",".296",22.2,42.9
"Wicks, Jordan","696136","2024","189",19.8,9.4,".291",".497",".365","0.862","5.48",".373",23.4,50.2
"Green, Chad","643338","2024","190",21.9,6.7,".216",".379",".271","0.650","3.21",".276",23.3,52.6
"Estévez, Carlos","608032","2024","198",23.6,5.7,".192",".313",".241","0.554","2.45",".235",25.6,52.3
"Anderson, Justin","605121","2024","205",23.5,13.6,".234",".351",".347","0.698","4.39",".314",29.7,47.4
"Kelly, Zack","677161","2024","212",25.3,11.2,".208",".387",".303","0.690","3.97",".300",28.1,46.5
"Kopech, Michael","656629","2024","234",31.5,12.2,".188",".321",".299","0.620","3.46",".277",32.8,46.9
"Doval, Camilo","666808","2024","224",28.8,14.4,".241",".393",".353","0.746","4.88",".327",34.3,43.6
"Alcala, Jorge","660896","2024","210",24.7,8.5,".190",".352",".269","0.621","3.24",".273",28.1,48.9
"Bivens, Spencer","702352","2024","188",18.3,5.4,".250",".431",".294","0.725","3.14",".311",18.7,46
"Nicolas, Kyle","693312","2024","205",22.5,13.1,".249",".341",".357","0.698","3.95",".315",27.8,45.9
"Brebbia, John","605154","2024","220",27.7,7.9,".255",".455",".322","0.777","5.86",".337",25.5,49.7
"Ferguson, Caleb","657571","2024","219",26.9,10,".256",".388",".341","0.729","4.64",".322",26.6,47.1
"Kuhl, Chad","641771","2024","205",22.5,10.4,".273",".410",".367","0.777","5.06",".343",27.1,42.2
"Bummer, Aaron","607481","2024","220",28.3,7.4,".277",".364",".333","0.697","3.58",".305",26.7,43
"Muller, Kyle","666205","2024","188",17.8,5,".255",".404",".292","0.696","4.01",".294",22.7,51.7
"Slaten, Justin","686580","2024","211",25.9,4,".223",".318",".259","0.577","2.93",".253",29,53.5
"Cleavinger, Garrett","664076","2024","225",26.7,11.7,".231",".342",".338","0.680","3.75",".308",30.3,47.8
"Mears, Nick","683232","2024","228",29.3,9.4,".268",".417",".332","0.749","5.93",".324",28.5,49.5
"Hoffman, Jeff","656546","2024","244",33.6,6,".197",".324",".253","0.577","2.17",".252",35.1,51.7
"Rodriguez, Eduardo","593958","2024","202",21,8.5,".277",".475",".341","0.816","5.04",".350",22.1,46.4
"Flaherty, Jack","656427","2024","605",29.9,5.9,".223",".388",".273","0.661","3.17",".288",32.1,46.2
"Miller, Shelby","571946","2024","203",21.8,5.8,".202",".384",".262","0.646","4.53",".280",24.3,49.3
"Estes, Joey","683155","2024","501",16.9,5,".259",".473",".308","0.781","5.01",".333",19.2,55.5
"Garcia, Robert","676395","2024","232",29.9,6.4,".237",".323",".288","0.611","4.22",".270",29.4,51.1
"Erceg, Lucas","668674","2024","231",28.5,6.3,".212",".303",".281","0.584","3.36",".259",31,47.6
"Abbott, Andrew","671096","2024","529",19.5,8.9,".240",".439",".309","0.748","3.72",".323",22.5,47.6
"Leclerc, José","600917","2024","247",30.9,11.1,".227",".348",".323","0.671","4.32",".300",36,47.3
"Jax, Griffin","643377","2024","256",34.4,5.4,".184",".281",".234","0.515","2.03",".227",37.8,52.1
"Robertson, David","502085","2024","262",33.3,9.4,".202",".282",".291","0.573","3.00",".257",29.5,43.4
"Domínguez, Seranthony","622554","2024","231",26.7,8.2,".225",".424",".294","0.718","4.45",".312",26.4,47.4
"Helsley, Ryan","664854","2024","238",29.7,8.6,".210",".273",".275","0.548","2.04",".243",36.1,53
"Miller, Tyson","668338","2024","217",23,4.7,".180",".313",".235","0.548","2.32",".242",26.5,52.1
"Neris, Héctor","593576","2024","225",24.6,10.8,".244",".418",".331","0.749","4.10",".324",25.9,51
"Smith, Cade","671922","2024","268",35.6,5.9,".190",".280",".246","0.526","1.91",".235",30.2,49.9
"Varland, Louie","686973","2024","214",20.6,6.7,".318",".523",".371","0.894","7.61",".382",23.2,50.7
"Hudson, Daniel","543339","2024","232",24.9,7.5,".198",".371",".261","0.632","3.00",".274",32.1,50.6
"Scott, Tayler","605463","2024","239",25.2,12.4,".188",".310",".299","0.609","2.23",".275",29.5,44.2
"Romero, JoJo","668941","2024","220",21,6.6,".236",".395",".302","0.697","3.36",".305",24.9,43.7
"Adam, Jason","592094","2024","251",28.7,8.2,".159",".259",".245","0.504","1.95",".224",38.4,50.3
"Buttó, José","676130","2024","246",26.9,12.9,".167",".276",".287","0.563","2.55",".260",32,43.8
"Maton III, Phil","664208","2024","231",22.6,9.1,".203",".346",".303","0.649","3.66",".290",26.5,47.2
"Mantiply, Joe","573009","2024","225",21.8,7.4,".231",".342",".288","0.630","3.92",".265",27.3,52.8
"Smyly, Drew","592767","2024","226",21.8,9.7,".252",".416",".333","0.749","3.84",".325",25.2,48.1
"Pérez, Martín","527048","2024","533",18.1,8.3,".283",".460",".349","0.809","4.53",".351",20.9,46
"Miller, Bobby","676272","2024","226",20.2,11.6,".305",".571",".391","0.962","8.52",".411",23.5,46.1
"Koenig, Jared","657649","2024","236",23.8,8.7,".229",".309",".308","0.617","2.47",".273",22.4,47.5
"Martinez, Nick","607259","2024","539",20.4,3.2,".237",".377",".267","0.644","3.10",".279",22.9,51.1
"Festa, David","701581","2024","251",27.8,8.3,".247",".434",".314","0.748","4.90",".324",28.2,48.7
"Richards, Trevor","670950","2024","234",22.4,12.6,".188",".308",".295","0.603","4.55",".273",23.2,44.2
"Holmes, Clay","605280","2024","242",25.1,8.1,".248",".347",".315","0.662","3.14",".292",29.8,44.9
"Kinley, Tyler","641755","2024","246",25.3,11.6,".248",".455",".338","0.793","6.19",".341",33.1,50
"Suárez, Ranger","624133","2024","575",23.2,6.5,".243",".379",".299","0.678","3.46",".297",21.7,47.3
"Hendricks, Kyle","543294","2024","514",15.3,7.6,".286",".442",".340","0.782","5.92",".339",18.7,46.2
"Fernandez, Ryan","681676","2024","246",24.9,11.2,".236",".341",".325","0.666","3.51",".291",31.5,47.9
"Birdsong, Hayden","806185","2024","264",27.9,13.7,".216",".390",".332","0.722","4.75",".321",29.4,42.6
"Smith, Burch","572143","2024","222",19.1,5,".288",".428",".328","0.756","4.95",".328",20.7,51.3
"McArthur, James","663704","2024","228",19.9,5.3,".298",".456",".343","0.799","4.92",".344",28.3,47.3
"Brieske, Beau","689225","2024","246",24.5,10.6,".224",".354",".310","0.664","3.59",".291",23.9,48.6
"Jarvis, Bryce","686826","2024","218",14.7,12.8,".239",".362",".349","0.711","3.19",".314",21.8,48.4
"De Los Santos, Enyel","660853","2024","248",23.7,9,".262",".544",".342","0.886","5.20",".377",29.3,52.4
"García, Luis","472610","2024","235",20.9,5.9,".260",".417",".311","0.728","4.88",".314",24,49.7
"Blanco, Ronel","669854","2024","599",24.6,10.1,".190",".354",".273","0.627","2.80",".276",29,48.6
"Finnegan, Kyle","640448","2024","245",22.1,8.9,".249",".400",".315","0.715","3.68",".309",23.1,53.2
"Pearson, Nate","663878","2024","255",26,7.4,".263",".459",".319","0.778","4.48",".333",27.8,46.6
"Anderson, Chase","502624","2024","227",16.5,8.2,".242",".449",".315","0.764","5.40",".329",23.8,46.4
"Milner, Hoby","571948","2024","244",23.9,5.2,".258",".393",".299","0.692","4.73",".297",19.3,43.2
"Chavez, Jesse","445926","2024","241",20.8,7.2,".249",".427",".304","0.731","3.13",".315",16.7,42.3
"Sands, Cole","663485","2024","267",29.1,4.1,".221",".326",".265","0.591","3.28",".259",26.6,50.5
"Assad, Javier","665871","2024","562",19.4,9.9,".254",".422",".333","0.755","3.73",".330",17.9,42.5
"Falter, Bailey","663559","2024","531",16.5,7.6,".260",".424",".315","0.739","4.43",".320",19.6,49.5
"Clase, Emmanuel","661403","2024","253",24.4,3.7,".154",".202",".190","0.392","0.61",".175",27.1,56.3
"Thornton, Trent","663423","2024","265",26.2,6.5,".238",".396",".299","0.695","3.61",".302",27.1,50.6
"Farmer, Buck","571656","2024","260",23.4,9.7,".215",".369",".309","0.678","3.04",".293",26.1,45.9
"Lawrence, Justin","664875","2024","233",16.1,11.8,".313",".485",".408","0.893","6.49",".387",22.6,43.4
"Morton, Charlie","450203","2024","613",23.8,9.3,".251",".427",".339","0.766","4.19",".335",26,46.6
"Ginkel, Kevin","656464","2024","270",26.5,5.2,".256",".389",".300","0.689","3.21",".300",27.9,49.3
"Molina, Anthony","683627","2024","236",15.5,8.3,".305",".445",".364","0.809","6.79",".349",18.8,47.7
"Kelly, Kevin","687330","2024","261",22.7,3.2,".226",".352",".264","0.616","2.67",".268",20.1,44.8
"Armstrong, Shawn","542888","2024","266",22.4,8.5,".289",".436",".354","0.790","4.86",".345",22.9,50.9
"Barnes, Jacob","606930","2024","252",19.9,7.2,".266",".444",".314","0.758","4.36",".323",25.1,49.2
"Thompson, Ryan","657044","2024","252",19.1,5.5,".254",".377",".296","0.673","3.26",".290",23,49.8
"Suter, Brent","608718","2024","253",18.5,4.4,".249",".419",".289","0.708","3.15",".305",20.2,49.8
"Harris, Hogan","663687","2024","266",20,10.8,".244",".391",".333","0.724","2.86",".320",20.9,44.2
"Quantrill, Cal","615698","2024","571",16.8,10.5,".273",".461",".361","0.822","4.98",".358",21.5,45.7
"Brown, Hunter","686613","2024","645",25.1,8.4,".242",".357",".310","0.667","3.49",".296",25.1,46.3
"Floro, Dylan","571670","2024","258",17.2,6.1,".252",".349",".299","0.648","3.80",".285",18.4,42.1
"Ober, Bailey","641927","2024","655",26.9,6.1,".208",".391",".261","0.652","3.98",".282",29,52.4
"Kelly, Merrill","518876","2024","277",21,6.3,".242",".426",".294","0.720","4.03",".311",21.1,48.2
"Vodnik, Victor","680767","2024","280",20.3,11.6,".257",".382",".345","0.727","4.28",".322",21.5,44.1
"Tonkin, Michael","543859","2024","297",25,8.8,".236",".350",".318","0.668","3.63",".296",23.6,47.2
"Williams, Gavin","668909","2024","293",23.8,9.6,".246",".396",".323","0.719","4.86",".315",24.8,49.2
"Rodón, Carlos","607074","2024","667",26.5,7.7,".235",".435",".304","0.739","3.96",".320",30,49.4
"Baz, Shane","669358","2024","285",21.6,8.5,".200",".319",".276","0.595","3.06",".266",24.4,50.2
"Littell, Zack","641793","2024","618",21.5,4.7,".265",".426",".306","0.732","3.63",".317",23.1,51.9
"Kochanowicz, Jack","686799","2024","247",9.4,3.8,".275",".417",".325","0.742","3.99",".323",15.2,53.7
"Ross, Joe","605452","2024","287",20.6,9,".251",".359",".319","0.678","3.77",".299",27.1,49.4
"Bradford, Cody","674003","2024","293",22.7,4.2,".218",".379",".253","0.632","3.54",".273",23.6,49.1
"Rogers, Tyler","643511","2024","273",17.6,2.1,".245",".374",".278","0.652","2.82",".281",18.5,53
"Heaney, Andrew","571760","2024","634",22.9,5.9,".251",".410",".307","0.717","4.28",".312",26.2,50.3
"Skubal, Tarik","669373","2024","705",30.3,4.6,".201",".311",".247","0.558","2.39",".246",31.9,51.8
"Eovaldi, Nathan","543135","2024","642",23.9,6,".229",".386",".282","0.668","3.80",".291",26.7,52.2
"Darvish, Yu","506433","2024","300",23.6,6.6,".217",".387",".274","0.661","3.31",".286",25.6,51.5
"Snell, Blake","605483","2024","373",34.7,10.5,".174",".263",".263","0.526","3.12",".241",37.4,46
"Houser, Adrian","605288","2024","272",14.6,10.4,".272",".445",".356","0.801","5.84",".350",18.2,44.7
"Kikuchi, Yusei","579328","2024","683",28,6,".245",".391",".291","0.682","4.05",".297",29,48.4
"Avila, Pedro","658648","2024","306",23.2,10.2,".239",".369",".321","0.690","3.81",".304",25,46.4
"Shuster, Jared","694363","2024","283",17.4,10.3,".261",".410",".333","0.743","4.30",".324",23.4,47.3
"Imanaga, Shota","684007","2024","662",25.1,4,".225",".385",".259","0.644","2.91",".279",28.2,55.7
"Sandoval, Patrick","663776","2024","312",22.9,9.9,".272",".401",".349","0.750","5.08",".329",26.2,46.2
"Herz, DJ","687792","2024","340",27.7,9.4,".224",".359",".303","0.662","4.16",".294",29.3,48.9
"Stroman, Marcus","573186","2024","603",16.7,8.9,".277",".431",".349","0.780","4.31",".341",20.2,43.9
"Feltner, Ryan","663372","2024","628",19.9,7.5,".263",".408",".324","0.732","4.49",".320",23.8,48.1
"Yamamoto, Yoshinobu","808967","2024","340",28.5,6,".229",".365",".275","0.640","3.00",".278",27,48.3
"Detmers, Reid","672282","2024","348",27.9,9.7,".282",".511",".353","0.864","6.70",".370",29.1,48.9
"Winckowski, Josh","670174","2024","298",17.9,7.7,".272",".423",".334","0.757","4.14",".327",20.9,47.8
"Cecconi, Slade","677944","2024","313",18.9,5,".294",".527",".335","0.862","6.66",".366",19.6,49
"Weathers, Ryan","677960","2024","331",21.8,6.5,".236",".390",".303","0.693","3.63",".303",26.1,46.4