"last_name, first_name","player_id","year","ab","home_run","k_percent","bb_percent","batting_avg","slg_percent","on_base_percent","on_base_plus_slg","woba"
"Alvarez, Yordan","670541","2024","378","20",15.7,10.4,".299",".534",".382","0.916",".387"
"Espinal, Santiago","669289","2024","207","6",11.8,6.1,".222",".329",".267","0.596",".259"
"Butler, Lawrence","671732","2024","216","11",26.8,9.2,".255",".481",".322","0.803",".345"
"Gomes, Yan","543228","2024","91","2",37.5,2.1,".154",".242",".179","0.421",".185"
"Grossman, Robbie","543257","2024","152","3",20.6,14.4,".237",".342",".344","0.686",".310"
"Harper, Bryce","547180","2024","344","24",20.8,13.5,".282",".555",".378","0.933",".392"
"Devers, Rafael","646240","2024","350","23",23.8,11.6,".297",".589",".379","0.968",".402"
"Bailey, Patrick","672275","2024","265","7",21.2,10.3,".268",".400",".339","0.739",".324"
"Meneses, Joey","608841","2024","281","3",20.1,6.7,".231",".302",".291","0.593",".264"
"Langeliers, Shea","669127","2024","314","20",28.4,7,".213",".452",".272","0.724",".308"
"Robles, Victor","645302","2024","95","2",19.5,9.7,".295",".421",".382","0.803",".355"
"Stallings, Jacob","607732","2024","167","5",21,10.8,".263",".437",".361","0.798",".349"
"Singleton, Jon","572138","2024","256","8",26.8,11.3,".234",".355",".320","0.675",".302"
"Bregman, Alex","608324","2024","406","14",13.5,7.4,".254",".416",".315","0.731",".319"
"Matos, Luis","682641","2024","138","4",12.6,2.8,".217",".333",".238","0.571",".245"
"Kepler, Max","596146","2024","279","6",19.2,6.5,".265",".401",".320","0.721",".315"
"McCormick, Chas","676801","2024","173","4",28.8,7.3,".208",".318",".272","0.590",".263"
"Gorman, Nolan","669357","2024","328","19",38,8.8,".204",".418",".275","0.693",".299"
"Grandal, Yasmani","518735","2024","141","4",16.7,4.7,".184",".319",".221","0.540",".236"
"Mendick, Danny","664901","2024","132","3",24.8,4.3,".197",".318",".243","0.561",".248"
"Mullins II, Cedric","656775","2024","295","11",23.1,5.6,".220",".397",".268","0.665",".288"
"Taylor, Michael A.","572191","2024","187","3",34.9,8,".209",".299",".269","0.568",".253"
"Fairchild, Stuart","656413","2024","183","6",23.2,7.4,".230",".372",".302","0.674",".299"
"Tauchman, Mike","643565","2024","251","5",19,11.8,".243",".351",".339","0.690",".311"
"Jankowski, Travis","608671","2024","140","1",20,4.7,".207",".250",".260","0.510",".233"
"Narváez, Omar","553882","2024","65","0",17.4,4.3,".154",".185",".191","0.376",".171"
"Edwards, Xavier","669364","2024","87","1",15.2,14.3,".379",".494",".462","0.956",".416"
"Arias, Gabriel","672356","2024","153","3",32.9,3.7,".222",".353",".255","0.608",".264"
"Velázquez, Nelson","676369","2024","205","8",26.5,8.3,".200",".366",".274","0.640",".281"
"Grissom, Vaughn","687093","2024","81","0",21.8,5.7,".148",".160",".207","0.367",".174"
"Rosario, Eddie","592696","2024","276","10",23.9,5.1,".181",".333",".220","0.553",".240"
"Canzone, Dominic","686527","2024","142","7",27.7,10.1,".211",".394",".289","0.683",".294"
"Monasterio, Andruw","655316","2024","82","1",26.1,9.8,".195",".268",".283","0.551",".254"
"Mead, Curtis","678554","2024","101","1",22,4.6,".257",".317",".306","0.623",".279"
"Siri, Jose","642350","2024","286","14",35.1,7.5,".199",".392",".270","0.662",".288"
"Hayes, Ke'Bryan","663647","2024","305","3",18,6.3,".239",".298",".293","0.591",".266"
"Busch, Michael","683737","2024","328","13",31,11.7,".262",".454",".350","0.804",".349"
"Moniak, Mickey","666160","2024","265","6",26.2,5.3,".208",".332",".252","0.584",".256"
"Díaz, Elias","553869","2024","265","5",18.5,5.6,".275",".389",".324","0.713",".310"
"Freeman, Freddie","518692","2024","379","16",14.9,13.4,".288",".493",".395","0.888",".380"
"Biggio, Cavan","624415","2024","168","4",31.7,10.1,".202",".304",".316","0.620",".286"
"Rice, Ben","700250","2024","110","7",26.2,11.5,".209",".455",".300","0.755",".322"
"Heyward, Jason","518792","2024","135","5",16.6,9.6,".200",".393",".293","0.686",".299"
"Alonso, Pete","624413","2024","407","22",20.4,9.6,".246",".472",".328","0.800",".343"
"Benintendi, Andrew","643217","2024","301","8",18.1,6.7,".199",".312",".255","0.567",".250"
"Castro, Willi","650489","2024","376","7",23.5,8.6,".261",".407",".350","0.757",".335"
"Torkelson, Spencer","679529","2024","209","4",24.3,7,".201",".330",".266","0.596",".265"
"Newman, Kevin","621028","2024","208","2",14.3,4.5,".274",".385",".305","0.690",".298"
"Isbel, Kyle","664728","2024","247","7",19.1,6.3,".235",".385",".288","0.673",".294"
"Joe, Connor","656582","2024","291","7",19.5,9.1,".237",".378",".320","0.698",".309"
"Montero, Elehuris","660707","2024","224","4",22.7,8.1,".205",".304",".267","0.571",".254"
"Pasquantino, Vinnie","686469","2024","376","11",12.9,8,".261",".423",".319","0.742",".319"
"Wood, James","695578","2024","92","2",34,9.7,".239",".359",".320","0.679",".303"
"Fortes, Nick","663743","2024","202","2",12.6,2.3,".203",".267",".230","0.497",".220"
"Carpenter, Kerry","681481","2024","145","8",23.3,6.7,".283",".572",".342","0.914",".383"
"Paredes, Isaac","670623","2024","363","16",15.9,12.1,".245",".435",".357","0.792",".347"
"McCann, James","543510","2024","142","3",22.1,5.8,".218",".324",".273","0.597",".265"
"Naylor, Bo","666310","2024","232","7",31.5,8.2,".203",".341",".270","0.611",".268"
"Rortvedt, Ben","666163","2024","190","3",25.1,12.3,".258",".358",".356","0.714",".322"
"Marte, Noelvi","682622","2024","93","2",32.3,2,".183",".290",".222","0.512",".226"
"Urías, Ramón","602104","2024","168","4",16.7,8.1,".232",".357",".306","0.663",".296"
"Wong, Connor","657136","2024","280","10",21.2,6.4,".300",".450",".363","0.813",".356"
"Schneider, Davis","676914","2024","285","10",28.2,10.9,".218",".382",".309","0.691",".305"
"Schwarber, Kyle","656941","2024","356","22",27.3,16.9,".247",".463",".376","0.839",".365"
"Peralta, David","444482","2024","111","2",20.7,6.6,".243",".333",".306","0.639",".286"
"Acuña Jr., Ronald","660670","2024","192","4",23.9,12.2,".250",".365",".351","0.716",".322"
"Freeman, Tyler","671289","2024","288","7",14.3,8.1,".219",".344",".313","0.657",".294"
"Lopez, Otto","672640","2024","200","3",16.4,3.7,".230",".315",".261","0.576",".253"
"France, Ty","664034","2024","300","8",24.4,8.2,".223",".350",".312","0.662",".297"
"Lopez, Nicky","670032","2024","283","0",14.9,7.3,".237",".279",".303","0.582",".266"
"Garcia, Maikel","672580","2024","412","6",15.2,6.5,".238",".350",".287","0.637",".280"
"Rogers, Jake","668670","2024","203","7",30.9,4.6,".202",".360",".244","0.604",".262"
"Herrera, Iván","671056","2024","172","3",21.4,7.8,".279",".378",".340","0.718",".318"
"Lee, Korey","686676","2024","250","9",30.3,4.2,".216",".364",".249","0.613",".267"
"Martin, Austin","668885","2024","132","1",19.2,8.9,".235",".333",".303","0.636",".285"
"Anderson, Tim","641313","2024","234","0",28.2,2.9,".214",".226",".237","0.463",".208"
"Flores, Wilmer","527038","2024","214","4",13.6,8.3,".206",".318",".277","0.595",".263"
"McNeil, Jeff","643446","2024","335","9",12.6,6.3,".233",".370",".286","0.656",".287"
"Gallo, Joey","608336","2024","140","5",43,12.7,".164",".321",".285","0.606",".275"
"Doyle, Brenton","686668","2024","372","17",25.2,8.2,".274",".476",".337","0.813",".349"
"Lindor, Francisco","596019","2024","429","22",16.9,8.5,".256",".473",".335","0.808",".350"
"Barnes, Austin","605131","2024","96","1",24.1,9.3,".281",".333",".349","0.682",".308"
"Ramos, Heliot","671218","2024","277","15",26.5,8.5,".292",".509",".353","0.862",".368"
"Bruján, Vidal","660644","2024","185","1",19.4,10,".227",".330",".319","0.649",".287"
"Cameron, Daz","663662","2024","83","4",21.3,10.6,".181",".349",".277","0.626",".280"
"Nimmo, Brandon","607043","2024","378","16",25,12.9,".233",".418",".350","0.768",".340"
"Mateo, Jorge","622761","2024","192","5",23.1,4.8,".229",".401",".267","0.668",".286"
"Abreu, José","547989","2024","113","2",23.3,3.3,".124",".195",".167","0.362",".164"
"Urshela, Gio","570482","2024","263","4",16.2,5.3,".243",".327",".282","0.609",".268"
"Peña, Jeremy","665161","2024","398","9",16.4,4.4,".279",".397",".323","0.720",".315"
"Kwan, Steven","680757","2024","324","11",8.5,7.1,".336",".494",".389","0.883",".384"
"Vázquez, Christian","543877","2024","193","5",20.7,3.4,".212",".321",".240","0.561",".244"
"Carpenter, Matt","572761","2024","106","3",30.3,7.6,".255",".377",".322","0.699",".309"
"Rafaela, Ceddanne","678882","2024","371","12",26.1,3.1,".253",".415",".280","0.695",".298"
"Frazier, Adam","624428","2024","188","3",19,8.1,".197",".282",".281","0.563",".258"
"Knizner, Andrew","668800","2024","90","1",23.7,1.1,".167",".211",".183","0.394",".174"
"Carter, Evan","694497","2024","144","5",26.5,9.3,".188",".361",".272","0.633",".279"
"Taveras, Leody","665750","2024","333","7",19.9,8.2,".225",".342",".288","0.630",".280"
"Toglia, Michael","669911","2024","209","18",32.3,8.2,".215",".512",".280","0.792",".333"
"Taylor, Chris","621035","2024","162","3",32.8,12.2,".167",".265",".277","0.542",".251"
"Schneemann, Daniel","682177","2024","108","4",30.6,11.3,".213",".417",".298","0.715",".309"
"Pérez, Wenceel","672761","2024","313","8",20,6.8,".249",".399",".302","0.701",".305"
"Madrigal, Nick","663611","2024","86","0",10.6,4.3,".221",".256",".280","0.536",".245"
"Marsh, Brandon","669016","2024","263","11",32.6,10.4,".255",".433",".329","0.762",".331"
"Judge, Aaron","592450","2024","378","39",24.4,17.8,".315",".696",".446","1.142",".472"
"Arenado, Nolan","571448","2024","380","11",14.3,6.9,".261",".384",".316","0.700",".307"
"Raley, Luke","670042","2024","274","11",31.3,3.7,".226",".401",".284","0.685",".300"
"Sánchez, Jesús","660821","2024","309","12",24.3,5.4,".243",".414",".292","0.706",".306"
"Rengifo, Luis","650859","2024","273","6",13.6,5.4,".300",".421",".348","0.769",".338"
"Gurriel Jr., Lourdes","666971","2024","394","14",19.8,3.6,".269",".419",".299","0.718",".310"
"Arraez, Luis","650333","2024","430","3",5.3,3.7,".309",".384",".342","0.726",".319"
"Hays, Austin","669720","2024","169","3",24.1,4.8,".249",".379",".306","0.685",".299"
"Raleigh, Cal","663728","2024","353","23",30.6,10.2,".218",".442",".303","0.745",".320"
"Loperfido, Joey","694388","2024","106","2",36.4,5.9,".236",".358",".299","0.657",".291"
"Santana, Carlos","467793","2024","341","14",16.9,9.9,".243",".425",".327","0.752",".328"
"Melendez Jr., MJ","669004","2024","274","12",25.9,7.1,".197",".398",".259","0.657",".284"
"Yoshida, Masataka","807799","2024","201","5",14.2,7.1,".279",".398",".354","0.752",".334"
"Muncy, Max","571970","2024","139","9",29.9,12.6,".223",".475",".323","0.798",".336"
"Abrams, CJ","682928","2024","394","15",19.9,7.5,".256",".457",".331","0.788",".339"
"Campusano, Luis","669134","2024","224","6",12.6,5.9,".237",".375",".280","0.655",".286"
"Dubón, Mauricio","643289","2024","255","3",12.2,3.3,".271",".380",".295","0.675",".293"
"Martinez, J.D.","502110","2024","282","11",28.7,9.3,".262",".443",".340","0.783",".341"
"McCann, Kyle","668832","2024","102","4",34.5,12.1,".284",".441",".371","0.812",".354"
"Jackson, Alex","656577","2024","102","3",36.6,6.3,".108",".245",".171","0.416",".186"
"McGuire, Reese","624512","2024","139","3",24.7,8.2,".209",".295",".280","0.575",".259"
"Rojas, Johan","679032","2024","237","3",18.9,3.5,".232",".295",".269","0.564",".252"
"Ozuna, Marcell","542303","2024","389","31",23.5,10.8,".306",".596",".384","0.980",".415"
"Abreu, Wilyer","677800","2024","246","9",28.1,8.8,".268",".488",".332","0.820",".351"
"Profar, Jurickson","595777","2024","375","18",14.4,11.5,".301",".491",".392","0.883",".383"
"Lowe, Josh","666139","2024","170","5",31.9,7.6,".212",".353",".270","0.623",".272"
"Calhoun, Willie","641432","2024","205","4",13.8,8,".254",".385",".316","0.701",".307"
"Lux, Gavin","666158","2024","286","6",21.3,7.4,".238",".357",".297","0.654",".289"
"Maile, Luke","571912","2024","102","2",33.3,8.5,".176",".265",".274","0.539",".249"
"Springer III, George","543807","2024","364","13",18,10.4,".228",".382",".311","0.693",".306"
"Noda, Ryan","676116","2024","86","1",32,12,".128",".198",".242","0.440",".212"
"Wisdom, Patrick","621550","2024","103","6",32.8,6.9,".204",".437",".278","0.715",".308"
"Horwitz, Spencer","687462","2024","144","4",16,11.2,".285",".431",".379","0.810",".353"
"Toro, Abraham","647351","2024","299","6",17.5,4.4,".254",".371",".299","0.670",".293"
"Siani, Michael","672279","2024","219","2",26.1,4.1,".247",".320",".284","0.604",".267"
"Bethancourt, Christian","542194","2024","86","2",23.9,3.3,".174",".291",".211","0.502",".221"
"Vierling, Matt","663837","2024","352","13",22.5,5.3,".256",".446",".297","0.743",".319"
"Correa, Carlos","621043","2024","279","13",16.7,9.5,".308",".520",".377","0.897",".382"
"Jiménez, Eloy","650391","2024","229","5",18.9,7.2,".240",".345",".297","0.642",".283"
"Rodríguez, Julio","677594","2024","384","11",27.1,5.8,".263",".372",".315","0.687",".304"
"Ortiz, Joey","687401","2024","262","7",17.6,12.7,".248",".405",".346","0.751",".331"
"Tatis Jr., Fernando","665487","2024","308","14",20.6,8.7,".279",".468",".354","0.822",".357"
"Chourio, Jackson","694192","2024","309","12",21.3,6.3,".262",".424",".307","0.731",".316"
"Walker, Christian","572233","2024","401","23",24.7,10.4,".254",".476",".338","0.814",".348"
"Kirilloff, Alex","666135","2024","159","5",26.4,8.4,".201",".384",".270","0.654",".283"
"Renfroe, Hunter","592669","2024","265","11",17.2,9.8,".234",".415",".314","0.729",".320"
"Lipscomb III, Trey","702358","2024","175","1",18.7,7.3,".217",".251",".281","0.532",".245"
"Grichuk, Randal","545341","2024","162","3",16.7,7.2,".272",".420",".333","0.753",".328"
"Verdugo, Alex","657077","2024","395","10",15.5,7.8,".238",".377",".295","0.672",".293"
"Andujar, Miguel","609280","2024","220","4",13.9,3.5,".286",".395",".313","0.708",".309"
"Turang, Brice","668930","2024","373","6",17.4,8.2,".265",".367",".327","0.694",".307"
"Riley, Austin","663586","2024","347","14",25.7,8.6,".251",".447",".319","0.766",".332"
"Bleday, JJ","668709","2024","380","12",18.8,10.3,".234",".429",".315","0.744",".322"
"Taylor, Tyrone","621438","2024","213","6",22.7,4.8,".239",".408",".285","0.693",".300"
"Stott, Bryson","681082","2024","329","7",16.1,10.6,".243",".356",".325","0.681",".301"
"Alvarez, Francisco","682626","2024","169","5",23.9,9,".266",".438",".335","0.773",".336"
"Turner, Justin","457759","2024","300","6",17.2,11.2,".257",".373",".351","0.724",".324"
"Tucker, Kyle","663656","2024","214","19",15.6,17.6,".266",".584",".395","0.979",".414"
"Sosa, Lenyn","672820","2024","177","4",23,3.7,".237",".350",".274","0.624",".272"
"Torres, Gleyber","650402","2024","371","10",22.3,9.7,".237",".367",".314","0.681",".301"
"Betts, Mookie","605141","2024","283","10",10.3,14.2,".304",".488",".405","0.893",".390"
"Haniger, Mitch","571745","2024","289","9",28.6,10.5,".204",".336",".289","0.625",".280"
"Adell, Jo","666176","2024","292","15",29.1,7.7,".192",".384",".265","0.649",".282"
"Steer, Spencer","668715","2024","384","15",20.9,10.3,".237",".430",".326","0.756",".330"
"Hoerner, Nico","663538","2024","380","4",10.8,7.7,".250",".342",".326","0.668",".298"
"Volpe, Anthony","683011","2024","446","9",21.1,6.2,".253",".388",".304","0.692",".303"
"Bart, Joey","663698","2024","114","6",27.5,10.7,".237",".439",".328","0.767",".335"
"Loftin, Nick","679845","2024","141","1",13.4,11.6,".199",".248",".294","0.542",".253"
"Farmer, Kyle","571657","2024","132","0",20.5,8.6,".189",".265",".291","0.556",".256"
"Lowe, Nathaniel","663993","2024","298","9",21.6,13,".272",".403",".366","0.769",".341"
"Carlson, Dylan","666185","2024","121","0",26.8,8.7,".198",".240",".275","0.515",".238"
"Neto, Zach","687263","2024","351","13",22.2,5.5,".256",".433",".312","0.745",".324"
"Hernández, Teoscar","606192","2024","404","22",27.8,7.8,".265",".483",".330","0.813",".350"
"Buxton, Byron","621439","2024","274","12",26.4,4.7,".281",".511",".334","0.845",".361"
"Manzardo, Kyle","700932","2024","82","0",26.4,3.4,".207",".329",".241","0.570",".248"
"Naylor, Josh","647304","2024","361","22",17.4,9.3,".241",".471",".321","0.792",".337"
"Castellanos, Nick","592206","2024","407","15",21.8,6.1,".241",".410",".293","0.703",".305"
"Senzel, Nick","669222","2024","219","7",22.2,10.9,".196",".338",".287","0.625",".279"
"Merrifield, Whit","593160","2024","156","3",10.9,8.6,".199",".295",".277","0.572",".259"
"Benson, Will","666181","2024","279","12",40,9.8,".194",".394",".277","0.671",".293"
"Dunn, Oliver","686554","2024","95","1",38.5,5.8,".221",".316",".282","0.598",".267"
"Trout, Mike","545361","2024","109","10",21.4,12.7,".220",".541",".325","0.866",".366"
"Duvall, Adam","594807","2024","271","10",28.8,6.4,".188",".336",".251","0.587",".259"
"Marte, Ketel","606466","2024","394","24",17.5,10,".299",".543",".368","0.911",".383"
"Cowser, Colton","681297","2024","296","15",28.8,9.5,".240",".449",".323","0.772",".333"
"Triolo, Jared","669707","2024","251","4",26.5,9.2,".199",".271",".276","0.547",".249"
"Thomas, Alek","677950","2024","71","3",19.7,5.3,".197",".408",".240","0.648",".278"
"Suárez, Eugenio","553993","2024","356","13",28.7,9.1,".219",".385",".301","0.686",".301"
"Rodgers, Brendan","663898","2024","327","7",22.5,6.3,".263",".382",".311","0.693",".303"
"Bohm, Alec","664761","2024","397","11",14.4,7.9,".295",".474",".354","0.828",".355"
"Rendon, Anthony","543685","2024","128","0",18.3,7.7,".227",".273",".289","0.562",".255"
"Pagés, Pedro","686780","2024","106","2",22.9,7.6,".245",".358",".299","0.657",".288"
"Yelich, Christian","592885","2024","270","11",18.4,12.7,".315",".504",".406","0.910",".392"
"Fermin, Freddy","666023","2024","199","5",18.9,6.5,".291",".417",".341","0.758",".330"
"Friedl Jr., TJ","670770","2024","110","5",16.8,7.2,".209",".364",".304","0.668",".300"
"Turner, Trea","607208","2024","280","13",19.5,5.6,".321",".511",".371","0.882",".382"
"Stubbs, Garrett","596117","2024","121","1",26.1,10.1,".198",".240",".292","0.532",".250"
"Soler, Jorge","624585","2024","341","12",24.7,11.2,".240",".419",".330","0.749",".328"
"Westburg, Jordan","676059","2024","384","18",21.5,5.1,".273",".505",".320","0.825",".353"
"Olson, Matt","621566","2024","392","15",28.2,8.4,".224",".398",".301","0.699",".304"
"Rutschman, Adley","668939","2024","395","17",16.8,9.3,".263",".425",".331","0.756",".329"
"Wisely, Brett","689172","2024","174","3",24.3,4.3,".264",".391",".299","0.690",".300"
"Ward, Taylor","621493","2024","379","16",24.9,10.4,".227",".401",".309","0.710",".311"
"Machado, Manny","592518","2024","385","14",20.9,7,".262",".416",".315","0.731",".314"
"Suwinski, Jack","669261","2024","247","9",28.5,9.7,".182",".324",".264","0.588",".260"
"García, Luis","671277","2024","333","11",16,4.6,".276",".435",".309","0.744",".322"
"Martini, Nick","605361","2024","146","5",23.3,5.5,".212",".370",".272","0.642",".279"
"Solano, Donovan","456781","2024","174","3",18.8,6.8,".299",".402",".356","0.758",".335"
"Gonzales, Nick","693304","2024","248","5",21.3,4.1,".258",".387",".293","0.680",".293"
"Carroll, Corbin","682998","2024","384","8",18.4,10.2,".214",".359",".303","0.662",".293"
"Gelof, Zack","680869","2024","309","13",35,6.8,".191",".359",".254","0.613",".269"
"Bryant, Kris","592178","2024","102","2",32.8,10.1,".196",".284",".311","0.595",".277"
"Crawford, J.P.","641487","2024","294","9",22.7,11.3,".204",".347",".299","0.646",".289"
"Ibáñez, Andy","628451","2024","141","4",25.5,5.2,".284",".433",".327","0.760",".329"
"Candelario, Jeimer","600869","2024","359","17",24,6.1,".228",".440",".284","0.724",".310"
"De La Cruz, Bryan","650559","2024","424","18",26,5.5,".245",".417",".289","0.706",".305"
"Morel, Christopher","666624","2024","362","18",24.5,11.2,".199",".373",".302","0.675",".298"
"Fitzgerald, Tyler","666149","2024","116","9",29.7,8.6,".319",".638",".383","1.021",".431"
"O'Neill, Tyler","641933","2024","289","22",32.4,10.9,".270",".554",".355","0.909",".382"
"Pages, Andy","681624","2024","320","8",24.9,5.7,".244",".378",".297","0.675",".296"
"Davis, J.D.","605204","2024","142","4",24.8,7.6,".218",".338",".293","0.631",".283"
"Rooker Jr., Brent","667670","2024","341","25",30.6,10.1,".296",".587",".370","0.957",".404"
"Pillar, Kevin","607680","2024","181","7",18.1,5,".287",".481",".343","0.824",".356"
"Fraley, Jake","641584","2024","226","2",20,6.1,".279",".372",".327","0.699",".307"
"Chisholm Jr., Jazz","665862","2024","395","15",24.8,9.1,".251",".420",".325","0.745",".322"
"Guillorme, Luis","641645","2024","112","0",18.4,8.8,".232",".304",".298","0.602",".270"
"Conforto, Michael","624424","2024","280","10",24.4,9,".225",".411",".299","0.710",".308"
"Jeffers, Ryan","680777","2024","286","15",20.2,7,".231",".451",".313","0.764",".331"
"Azocar, José","640492","2024","73","0",24.1,6.3,".219",".247",".269","0.516",".235"
"Heim, Jonah","641680","2024","329","9",18.4,5.9,".234",".343",".280","0.623",".275"
"Harris, Brett","695391","2024","99","3",20.2,14.3,".152",".273",".286","0.559",".261"
"Greene, Riley","682985","2024","371","17",25.5,11.9,".264",".485",".357","0.842",".362"
"Perkins, Blake","663368","2024","265","6",26.6,9.4,".253",".362",".330","0.692",".309"
"Palacios, Richie","680700","2024","250","5",22,13.2,".236",".336",".347","0.683",".308"
"Amaya, Miguel","665804","2024","202","3",19.9,7.1,".213",".292",".278","0.570",".257"
"Trevino, Jose","624431","2024","168","8",17.2,7,".244",".411",".303","0.714",".311"
"Stephenson, Tyler","663886","2024","276","11",18,9,".236",".420",".315","0.735",".320"
"Caratini, Victor","605170","2024","115","5",14.2,4.7,".270",".461",".315","0.776",".332"
"Kirk, Alejandro","672386","2024","183","2",13.8,9,".240",".322",".305","0.627",".276"
"Langford, Wyatt","694671","2024","312","5",20.3,8.1,".250",".375",".314","0.689",".300"
"Massey, Michael","686681","2024","177","8",14.8,3.2,".249",".441",".273","0.714",".302"
"Rizzo, Anthony","519203","2024","264","8",16.5,6.5,".223",".341",".289","0.630",".280"
"Crow-Armstrong, Pete","691718","2024","187","3",25,4.4,".193",".310",".240","0.550",".242"
"Suzuki, Seiya","673548","2024","317","15",27.7,8.7,".265",".476",".339","0.815",".351"
"Young, Jacob","696285","2024","303","1",20.1,5.9,".254",".320",".318","0.638",".288"
"Adames, Willy","642715","2024","405","17",23,11.1,".249",".435",".333","0.768",".333"
"Kelly, Carson","608348","2024","179","7",19.7,8.4,".240",".391",".325","0.716",".317"
"Hampson, Garrett","641658","2024","146","0",26.1,5.7,".253",".342",".297","0.639",".282"
"Realmuto, J.T.","592663","2024","228","7",25.9,6.1,".250",".386",".304","0.690",".303"
"Fry, David","681807","2024","234","8",21.1,12.1,".286",".449",".391","0.840",".365"
"Arcia, Orlando","606115","2024","348","9",21.5,5.1,".221",".351",".261","0.612",".265"
"DeJong, Paul","657557","2024","337","18",30.9,3.9,".228",".430",".275","0.705",".304"
"Drury, Brandon","592273","2024","181","1",21.3,7.9,".160",".199",".238","0.437",".205"
"Rojas, Miguel","500743","2024","192","3",10.6,5.8,".271",".406",".316","0.722",".315"
"Polanco, Jorge","593871","2024","250","9",30.7,9.3,".208",".336",".289","0.625",".279"
"Martínez, Angel","682657","2024","90","2",16.7,9.8,".244",".378",".317","0.695",".306"
"Wade Jr., LaMonte","664774","2024","190","3",22.3,17.6,".295",".395",".424","0.819",".365"
"Frelick, Sal","686217","2024","315","2",16.7,9,".267",".343",".340","0.683",".307"
"Marte, Starling","516782","2024","245","7",21.1,6.4,".278",".416",".328","0.744",".325"
"Varsho, Daulton","662139","2024","326","13",26.8,9.9,".199",".402",".280","0.682",".296"
"Maldonado, Martín","455117","2024","135","4",34.7,5.4,".119",".230",".174","0.404",".182"
"De La Cruz, Elly","682829","2024","392","18",30.8,10.9,".263",".490",".352","0.842",".363"
"Blanco, Dairon","680118","2024","89","1",23.5,5.1,".236",".303",".281","0.584",".261"
"Cooper, Garrett","643265","2024","107","1",30.2,6,".206",".299",".267","0.566",".254"
"Slater, Austin","596103","2024","108","1",27.8,13.5,".185",".222",".308","0.530",".254"
"García, Adolis","666969","2024","384","18",26.1,7.3,".211",".393",".275","0.668",".289"
"Pederson, Joc","592626","2024","250","15",24.3,11.3,".280",".524",".384","0.908",".389"
"Burger, Jake","669394","2024","318","13",26.9,5.6,".233",".399",".281","0.680",".295"
"Malloy, Justyn-Henry","669234","2024","127","7",34.9,11,".213",".417",".308","0.725",".318"
"Cabrera, Oswaldo","665828","2024","240","6",19.9,6.1,".246",".354",".292","0.646",".284"
"McCutchen, Andrew","457705","2024","339","13",25.9,11.8,".224",".383",".326","0.709",".315"
"Gonzalez, Romy","663853","2024","99","2",21.1,7.3,".283",".434",".339","0.773",".336"
"Smith, Josh","669701","2024","327","11",19.9,9.2,".284",".453",".382","0.835",".367"
"Donovan, Brendan","680977","2024","394","9",12.8,6.8,".261",".391",".329","0.720",".318"
"McCarthy, Jake","664983","2024","236","3",17.3,8.8,".280",".394",".361","0.755",".333"
"Cruz, Oneil","665833","2024","356","17",32,7.2,".253",".469",".307","0.776",".330"
"Seager, Corey","608369","2024","355","19",17.5,11.4,".276",".476",".363","0.839",".357"
"Goldschmidt, Paul","502671","2024","409","16",28.4,7,".232",".389",".290","0.679",".297"
"Guerrero Jr., Vladimir","665489","2024","412","21",15.6,9.9,".311",".524",".380","0.904",".387"
"Lee, Jung Hoo","808982","2024","145","2",8.2,6.3,".262",".331",".310","0.641",".285"
"India, Jonathan","663697","2024","342","8",19.5,12.8,".263",".401",".367","0.768",".341"
"Cronenworth, Jake","630105","2024","395","14",18.3,7.7,".248",".413",".317","0.730",".319"
"Cave, Jake","595909","2024","203","3",27.3,6.8,".256",".369",".305","0.674",".293"
"d'Arnaud, Travis","518595","2024","205","9",21.9,7,".259",".459",".320","0.779",".336"
"Blackmon, Charlie","453568","2024","293","7",17.2,8.6,".256",".413",".331","0.744",".325"
"Ramírez, Harold","623912","2024","215","2",19.4,1.8,".284",".349",".302","0.651",".285"
"Diaz, Yainer","673237","2024","366","9",14.7,3.9,".287",".426",".311","0.737",".316"
"Báez, Javier","595879","2024","230","4",21.4,3.3,".178",".274",".210","0.484",".212"
"Hernández, Enrique","571771","2024","226","6",22.6,8.5,".204",".319",".270","0.589",".263"
"Ramírez, José","608070","2024","410","26",13,7.4,".276",".527",".330","0.857",".360"
"Caballero, José","676609","2024","288","7",27.8,6,".236",".361",".296","0.657",".291"
"Lee, Brooks","686797","2024","80","2",15.9,6.8,".237",".325",".284","0.609",".269"
"Robert Jr., Luis","673357","2024","204","12",36.6,8.9,".221",".451",".290","0.741",".317"
"Julien, Edouard","666397","2024","181","7",35.4,12.9,".204",".354",".311","0.665",".299"
"Bader, Harrison","664056","2024","284","8",21.5,4.6,".268",".408",".309","0.717",".311"
"Henderson, Gunnar","683002","2024","417","28",23.2,11.3,".283",".556",".372","0.928",".395"
"Brennan, Will","686823","2024","227","8",12.1,6.5,".233",".379",".291","0.670",".291"
"Stanton, Giancarlo","519317","2024","264","18",31.5,7.3,".242",".485",".301","0.786",".338"
"Winker, Jesse","608385","2024","318","11",22.2,14.1,".258",".418",".375","0.793",".351"
"Merrill, Jackson","701538","2024","366","12",18.8,4.4,".284",".443",".315","0.758",".326"
"Schuemann, Max","680474","2024","250","6",26,11.3,".256",".364",".346","0.710",".318"
"Outman, James","681546","2024","132","4",34.9,9.4,".152",".273",".248","0.521",".239"
"Larnach, Trevor","663616","2024","214","11",20,9.2,".243",".439",".317","0.756",".328"
"Olivares, Edward","658668","2024","174","5",18.9,8.2,".224",".333",".291","0.624",".277"
"Nevin, Tyler","663527","2024","171","6",22.8,9.6,".205",".351",".299","0.650",".291"
"Soderstrom, Tyler","691016","2024","146","7",27.1,9.6,".219",".404",".307","0.711",".310"
"McKinstry, Zach","656716","2024","184","3",24.1,6.5,".179",".293",".236","0.529",".235"
"Iglesias, Jose","578428","2024","111","3",10,5,".342",".514",".392","0.906",".390"
"Ahmed, Nick","605113","2024","172","2",22.1,5.8,".233",".314",".278","0.592",".262"
"Arozarena, Randy","668227","2024","361","16",24.6,11.1,".219",".407",".325","0.732",".323"
"Bauers, Jake","641343","2024","203","8",31.1,11.5,".222",".404",".328","0.732",".322"
"Díaz, Yandy","650490","2024","393","9",14.5,7.5,".270",".397",".326","0.723",".318"
"Wade, Tyler","642180","2024","102","0",19.7,8.5,".235",".255",".310","0.565",".262"
"Perez, Salvador","521692","2024","384","19",19.4,6.6,".276",".466",".334","0.800",".340"
"Bouchard, Sean","656248","2024","91","1",30.6,11.1,".187",".297",".290","0.587",".267"
"Brown, Seth","664913","2024","220","9",31.8,7.5,".218",".377",".280","0.657",".289"
"Albies, Ozzie","645277","2024","361","8",15.5,6.1,".258",".407",".310","0.717",".312"
"Bichette, Bo","666182","2024","305","4",18.8,6.1,".223",".321",".276","0.597",".264"
"Rosario, Amed","642708","2024","264","2",17.5,2.5,".307",".417",".331","0.748",".325"
"Duran, Ezequiel","677649","2024","180","2",22.5,4.7,".256",".322",".293","0.615",".273"
"Perdomo, Geraldo","672695","2024","146","0",15,7.2,".253",".322",".311","0.633",".281"
"Pham, Tommy","502054","2024","271","5",21.2,8.4,".266",".380",".330","0.710",".314"
"Canha, Mark","592192","2024","320","7",21,11.1,".231",".350",".337","0.687",".308"
"Sosa, Edmundo","624641","2024","181","5",23.6,5,".276",".453",".333","0.786",".341"
"Jones, Nolan","666134","2024","163","3",33,13.1,".202",".313",".311","0.624",".280"
"Contreras, William","661388","2024","411","11",19.4,9.6,".285",".433",".355","0.788",".344"
"Murphy, Sean","669221","2024","124","6",23.7,9.4,".210",".379",".295","0.674",".296"
"Nido, Tomás","621512","2024","130","4",25,3.6,".192",".315",".219","0.534",".231"
"Happ, Ian","664023","2024","362","16",26.7,12.8,".232",".434",".338","0.772",".337"
"Altuve, Jose","514888","2024","425","14",18.8,6.1,".311",".459",".359","0.818",".356"
"Ohtani, Shohei","660271","2024","407","32",22.5,12.6,".314",".639",".404","1.043",".435"
"Mastrobuoni, Miles","670156","2024","90","0",14.3,7.1,".200",".233",".255","0.488",".223"
"Contreras, Willson","575929","2024","216","13",27.9,14,".269",".509",".388","0.897",".388"
"LeMahieu, DJ","518934","2024","138","1",16.4,10.7,".174",".217",".266","0.483",".227"
"Julks, Corey","667452","2024","112","3",25,9.7,".232",".375",".306","0.681",".301"
"McMahon, Ryan","641857","2024","383","15",28.1,11.2,".261",".433",".346","0.779",".339"
"Tellez, Rowdy","642133","2024","254","9",20.6,7.1,".248",".398",".302","0.700",".304"
"Shewmake, Braden","669699","2024","64","1",14.9,1.5,".125",".203",".134","0.337",".144"
"Hamilton, David","666152","2024","222","5",25.5,6.7,".257",".392",".310","0.702",".308"
"Witt Jr., Bobby","677951","2024","427","19",15.6,6.4,".347",".597",".391","0.988",".416"
"Valdez, Enmanuel","665839","2024","164","6",23.6,7.7,".226",".402",".282","0.684",".295"
"Bogaerts, Xander","593428","2024","232","5",17.4,5.7,".272",".384",".312","0.696",".305"
"Mountcastle, Ryan","663624","2024","373","13",21.1,5.7,".276",".448",".316","0.764",".329"
"Adams, Riley","656180","2024","99","2",29.5,8,".222",".333",".295","0.628",".276"
"Estrada, Thairo","642731","2024","329","9",19.4,2.9,".216",".353",".249","0.602",".261"
"Bellinger, Cody","641355","2024","312","9",17.2,7.8,".269",".410",".331","0.741",".321"
"O'Hearn, Ryan","656811","2024","293","12",12.2,9.5,".276",".464",".348","0.812",".350"
"Schanuel, Nolan","694384","2024","342","11",16.4,11.2,".251",".380",".346","0.726",".323"
"Vaughn, Andrew","683734","2024","376","12",23,6.1,".234",".383",".289","0.672",".294"
"Moreno, Gabriel","672515","2024","261","4",14.1,11.1,".253",".368",".339","0.707",".314"
"Yepez, Juan","660766","2024","77","2",14,7,".364",".571",".407","0.978",".415"
"Hoskins, Rhys","656555","2024","283","18",27.1,10.1,".219",".442",".309","0.751",".324"
"Soto, Juan","665742","2024","384","27",15.5,18.1,".310",".599",".435","1.034",".438"
"Moore, Dylan","664238","2024","261","9",27.5,10.1,".207",".402",".308","0.710",".311"
"Vargas, Miguel","678246","2024","71","3",20,10,".239",".423",".313","0.736",".319"
"DeLuca, Jonny","676356","2024","176","3",25.5,8.2,".176",".278",".256","0.534",".243"
"O'Hoppe, Logan","681351","2024","320","14",25.5,5.4,".278",".456",".333","0.789",".343"
"Lowe, Brandon","664040","2024","191","12",24.1,10.9,".262",".524",".355","0.879",".375"
"Higashioka, Kyle","543309","2024","145","12",29.4,5.2,".228",".524",".268","0.792",".335"
"Kiner-Falefa, Isiah","643396","2024","257","7",13.2,4.6,".292",".420",".338","0.758",".331"
"Sheets, Gavin","657757","2024","304","7",20.9,10.2,".220",".359",".305","0.664",".294"
"Chapman, Matt","656305","2024","396","15",23.9,11.3,".242",".424",".334","0.758",".331"
"Vientos, Mark","668901","2024","218","14",26.3,7.9,".284",".541",".342","0.883",".376"
"Vargas, Ildemaro","545121","2024","193","1",9.7,7.4,".269",".358",".324","0.682",".301"
"Goodman, Hunter","696100","2024","136","7",29.7,2.8,".176",".382",".214","0.596",".255"
"Baty, Brett","683146","2024","153","4",24.6,9.4,".229",".327",".306","0.633",".283"
"Alexander, Blaze","677942","2024","158","3",25.7,7.4,".259",".361",".328","0.689",".307"
"Kim, Ha-Seong","673490","2024","357","10",16.6,12.5,".232",".373",".331","0.704",".310"
"Rocchio, Brayan","677587","2024","259","3",20.4,9.7,".201",".286",".293","0.579",".263"
"Jansen, Danny","643376","2024","201","6",18.1,11.2,".219",".373",".310","0.683",".302"
"Laureano, Ramón","657656","2024","120","3",36.6,6,".183",".325",".261","0.586",".262"
"Gordon, Nick","624503","2024","242","8",24.1,4.3,".231",".384",".265","0.649",".280"
"Clement, Ernie","676391","2024","230","6",7.1,2.1,".270",".422",".286","0.708",".304"
"Florial, Estevan","664314","2024","98","3",36.9,9.9,".173",".367",".264","0.631",".277"
"Santander, Anthony","623993","2024","391","30",18.5,7.4,".243",".524",".309","0.833",".355"
"Meyers, Jake","676694","2024","301","11",21.7,6.9,".236",".409",".302","0.711",".311"
"Nootbaar, Lars","663457","2024","199","7",21.1,12.3,".236",".397",".330","0.727",".320"
"Smith, Dominic","642086","2024","207","6",22.2,10.3,".232",".386",".321","0.707",".314"
"Swanson, Dansby","621020","2024","339","9",26.3,8.8,".218",".342",".290","0.632",".279"
"Winn, Masyn","691026","2024","363","6",18.4,7.1,".281",".402",".329","0.731",".318"
"Reynolds, Bryan","668804","2024","410","18",21.1,8.4,".288",".483",".354","0.837",".361"
"Burleson, Alec","676475","2024","359","18",12.7,4.1,".281",".471",".313","0.784",".336"
"Thomas, Lane","657041","2024","300","8",21.1,9.4,".253",".407",".331","0.738",".323"
"Duran, Jarren","680776","2024","443","13",22.1,7.8,".291",".508",".350","0.858",".367"
"Wells, Austin","669224","2024","199","8",19.3,13,".241",".422",".342","0.764",".334"
"Miranda, Jose","669304","2024","259","9",13.5,5,".324",".517",".367","0.884",".378"
"Keith, Colt","690993","2024","329","11",18.2,7.3,".255",".404",".313","0.717",".313"
"Grisham, Trent","663757","2024","136","6",25.5,11.8,".191",".375",".300","0.675",".297"
"Semien, Marcus","543760","2024","428","15",13.3,9.3,".245",".404",".316","0.720",".315"
"Smith, Will","669257","2024","328","15",19.4,9.8,".256",".457",".335","0.792",".338"
"Encarnacion-Strand, Christian","687952","2024","116","2",28.5,3.3,".190",".293",".220","0.513",".224"
"Refsnyder, Rob","608701","2024","184","5",24.4,10.3,".310",".478",".396","0.874",".380"
"Yastrzemski, Mike","573262","2024","257","8",27.2,8.4,".249",".440",".322","0.762",".329"
"Kiermaier, Kevin","595281","2024","200","4",30.4,4.6,".195",".310",".236","0.546",".240"
"Lewis, Royce","668904","2024","101","11",18.8,8.9,".287",".673",".348","1.021",".421"
"Margot, Manuel","622534","2024","218","3",15.5,6.7,".248",".349",".305","0.654",".290"
"Bell, Josh","605137","2024","398","14",20,7.7,".239",".394",".305","0.699",".305"
"Kelenic, Jarred","672284","2024","311","11",29.4,6.5,".235",".395",".286","0.681",".296"
"Rojas, Josh","668942","2024","296","5",21,10.5,".240",".358",".322","0.680",".303"
"Walls, Taylor","670764","2024","97","0",30.8,15.4,".144",".186",".274","0.460",".224"
"Tovar, Ezequiel","678662","2024","435","17",27.9,3.2,".287",".485",".313","0.798",".341"
"Pache, Cristian","665506","2024","105","0",36.1,10.9,".210",".276",".294","0.570",".260"
"Stewart, DJ","621466","2024","151","5",24.1,16.6,".172",".298",".326","0.624",".292"
"Rivera, Emmanuel","656896","2024","160","0",23.2,9.7,".212",".263",".299","0.562",".258"
"Sánchez, Gary","596142","2024","150","7",28.6,7.1,".213",".393",".286","0.679",".297"
"Harris II, Michael","671739","2024","260","5",21.2,5.4,".250",".358",".295","0.653",".286"
"Garver, Mitch","641598","2024","288","12",31.2,12.9,".174",".347",".291","0.638",".287"
"Giménez, Andrés","665926","2024","378","5",14.7,4.1,".249",".333",".299","0.632",".281"
"Ruiz, Keibert","660688","2024","282","8",11.1,3,".220",".340",".252","0.592",".258"
"Rios, Edwin","621458","2024","9","0",40,10,".111",".111",".200","0.311",".157"
"Martínez, J.P.","679881","2024","10","0",40,0,".200",".300",".200","0.500",".214"
"Kennedy, Buddy","671083","2024","10","1",30.8,15.4,".200",".500",".308","0.808",".332"
"Thompson, Bubba","669352","2024","18","0",61.1,0,".111",".167",".111","0.278",".119"
"Rivas, Leo","660844","2024","11","0",36.4,0,".273",".455",".273","0.728",".305"
"Gamel, Ben","592325","2024","13","0",29.4,23.5,".231",".308",".412","0.720",".340"
"Reetz, Jakson","656883","2024","12","1",33.3,0,".083",".333",".083","0.416",".171"
"Williams, Luke","663897","2024","12","0",28.6,7.1,".083",".083",".214","0.297",".164"
"Kemp, Tony","643393","2024","9","0",10,10,".000",".000",".100","0.100",".069"
"Jordan, Levi","682119","2024","10","0",27.3,0,".100",".200",".091","0.291",".114"
"White, Eli","642201","2024","13","1",30.8,0,".231",".615",".231","0.846",".349"
"Barrosa, Jorge","678489","2024","10","0",10,0,".200",".300",".200","0.500",".214"
"McKenna, Ryan","663630","2024","14","2",33.3,6.7,".214",".643",".267","0.910",".379"
"Berroa, Steward","672642","2024","14","0",31.3,12.5,".143",".214",".250","0.464",".220"
"Robinson, Chuckie","642020","2024","11","0",9.1,0,".182",".182",".182","0.364",".161"
"Serven, Brian","661531","2024","15","0",27.8,11.1,".067",".067",".222","0.289",".166"
"Waters, Drew","671221","2024","16","0",31.6,10.5,".188",".250",".316","0.566",".270"
"Kessinger, Grae","666197","2024","15","0",33.3,0,".000",".000",".000","0.000",".000"
"Haggerty, Sam","664059","2024","15","0",25,6.3,".067",".067",".125","0.192",".098"
"Nuñez, Nasim","683083","2024","14","0",18.8,12.5,".143",".143",".250","0.393",".197"
"Dunn, Blake","694362","2024","18","0",35,5,".056",".111",".150","0.261",".133"
"Ortega, Rafael","542364","2024","14","0",23.5,11.8,".071",".071",".176","0.247",".133"
"Sullivan, Brett","664954","2024","16","1",23.5,5.9,".188",".375",".235","0.610",".265"
"Foscue, Justin","679822","2024","19","0",36.8,0,".105",".158",".105","0.263",".113"
"Jung, Josh","673962","2024","17","2",21.1,10.5,".412",".941",".474","1.415",".578"
"DeLoach, Zach","676113","2024","22","0",36,12,".136",".182",".240","0.422",".204"
"Canario, Alexander","672744","2024","25","1",39.3,7.1,".280",".440",".357","0.797",".351"
"Wynns, Austin","642851","2024","19","0",25,0,".368",".579",".400","0.979",".420"
"Call, Alex","669743","2024","19","1",19.2,19.2,".368",".579",".538","1.117",".485"
"Adrianza, Ehire","501303","2024","26","1",39.3,7.1,".192",".346",".250","0.596",".262"
"Ornelas, Jonathan","680716","2024","20","0",26.1,8.7,".150",".250",".227","0.477",".217"
"Haase, Eric","606992","2024","27","3",41.4,6.9,".370",".704",".414","1.118",".473"
"Alvarez Jr., Nacho","805373","2024","26","0",35.7,0,".077",".077",".143","0.220",".115"
"Holliday, Jackson","702616","2024","34","0",50,5.6,".059",".059",".111","0.170",".087"
"Madris, Bligh","676632","2024","23","0",28,8,".304",".348",".360","0.708",".317"
"Vosler, Jason","613564","2024","22","0",26.1,4.3,".227",".364",".261","0.625",".269"
"Delay, Jason","641511","2024","15","0",0,15.8,".200",".400",".333","0.733",".324"
"Wiemer Jr., Joey","686894","2024","26","0",33.3,3.7,".154",".154",".185","0.339",".156"
"Pauley, Graham","688363","2024","32","2",46.9,0,".125",".313",".125","0.438",".184"
"Hiura, Keston","669374","2024","27","0",37,0,".148",".148",".148","0.296",".131"
"Rodriguez, Johnathan","671286","2024","31","0",35,22.5,".129",".161",".325","0.486",".253"
"Peterson, Jace","607054","2024","22","0",23.1,11.5,".045",".045",".154","0.199",".114"
"Mervis, Matt","670223","2024","26","0",28.6,3.6,".115",".154",".148","0.302",".138"
"Schunk, Aaron","668845","2024","30","0",38.7,3.2,".100",".133",".129","0.262",".101"
"Miller, Owen","680911","2024","27","0",29.6,0,".185",".222",".185","0.407",".177"
"Luciano, Marco","682617","2024","24","0",18.5,11.1,".375",".542",".444","0.986",".425"
"Brooks, Trenton","670092","2024","25","0",20.7,13.8,".120",".120",".241","0.361",".187"
"Norby, Connor","681393","2024","32","2",37.5,0,".188",".406",".188","0.594",".250"
"Murphy, Tom","608596","2024","34","1",36.8,10.5,".118",".235",".211","0.446",".206"
"Goodrum, Niko","592348","2024","29","0",30.3,9.1,".103",".103",".188","0.291",".147"
"Alvarez, Armando","669137","2024","23","0",12,8,".261",".304",".320","0.624",".282"
"Herrera, Jose","645444","2024","25","0",22.6,9.7,".280",".320",".357","0.677",".308"
"Salazar, César","663967","2024","22","0",13.8,6.9,".318",".409",".393","0.802",".348"
"Villar, David","681584","2024","33","1",38.2,0,".242",".424",".235","0.659",".275"
"Millas, Drew","686452","2024","30","1",25,6.3,".167",".300",".219","0.519",".229"
"Story, Trevor","596115","2024","31","0",26.5,8.8,".226",".323",".294","0.617",".263"
"Black, Tyler","672012","2024","34","0",31.6,10.5,".235",".294",".316","0.610",".278"
"Wilson, Weston","642215","2024","25","1",14.8,3.7,".200",".320",".222","0.542",".232"
"Sabol, Blake","666165","2024","32","0",23.7,13.2,".313",".375",".421","0.796",".353"
"Baldwin, Brooks","681460","2024","36","0",34.2,5.3,".194",".306",".237","0.543",".238"
"Wall, Forrest","657088","2024","30","0",21.2,9.1,".233",".233",".303","0.536",".250"
"Colás, Oscar","693049","2024","33","0",26.3,10.5,".273",".273",".368","0.641",".301"
"Díaz, Aledmys","649557","2024","33","0",26.5,2.9,".091",".091",".118","0.209",".098"
"Shenton, Austin","668853","2024","37","1",29.5,15.9,".189",".378",".318","0.696",".311"
"Bae, Ji Hwan","678225","2024","32","0",25,8.3,".188",".188",".250","0.438",".205"
"Remillard, Zach","621545","2024","33","0",25.6,12.8,".242",".333",".342","0.675",".305"
"Stowers, Kyle","669065","2024","36","1",35.1,0,".306",".500",".297","0.797",".335"
"Zavala, Seby","664874","2024","39","1",37.2,7,".154",".282",".214","0.496",".221"
"Locklear, Tyler","682988","2024","45","2",40.8,6.1,".156",".311",".224","0.535",".239"
"Pinto, René","650907","2024","42","2",36.7,8.2,".214",".429",".292","0.721",".310"
"Vilade, Ryan","668723","2024","31","1",17.6,5.9,".258",".355",".303","0.658",".291"
"Hinds, Rece","677956","2024","38","5",30,2.5,".316",".868",".350","1.218",".502"
"Bride, Jonah","681146","2024","35","0",26.3,5.3,".229",".257",".263","0.520",".232"
"Jones, Jahmai","663330","2024","42","1",34,4.3,".238",".381",".304","0.685",".302"
"Wendle, Joey","621563","2024","36","0",24.3,2.7,".222",".250",".243","0.493",".220"
"Kreidler, Ryan","668952","2024","42","1",32.6,8.7,".143",".214",".217","0.431",".201"
"Stefanic, Michael","683021","2024","31","0",11.4,8.6,".194",".226",".286","0.512",".242"
"Clase, Jonatan","682729","2024","41","0",32.6,4.7,".195",".220",".233","0.453",".205"
"Westbrook, Jamie","642197","2024","40","2",29.2,8.3,".150",".350",".234","0.584",".253"
"Moncada, Yoán","660162","2024","39","0",22.7,11.4,".282",".410",".364","0.774",".341"
"Amador, Adael","691182","2024","35","0",16.7,2.8,".171",".200",".194","0.394",".177"
"Sánchez, Ali","645305","2024","38","0",27.3,4.5,".184",".184",".244","0.428",".202"
"Bote, David","623520","2024","42","0",25,4.5,".333",".429",".364","0.793",".346"
"Wallner, Matt","670242","2024","64","5",43,10.1,".250",".563",".380","0.943",".401"
"Walsh, Jared","665120","2024","53","1",35,11.7,".226",".321",".317","0.638",".289"
"Aranda, Jonathan","666018","2024","47","1",26.9,9.6,".213",".319",".288","0.607",".273"
"Johnson, Bryce","669369","2024","39","0",19.6,8.7,".128",".154",".209","0.363",".176"
"Paris, Kyren","677347","2024","51","1",28.8,11.9,".118",".216",".224","0.440",".208"
"Tucker, Cole","657061","2024","50","0",29.8,10.5,".180",".300",".263","0.563",".251"
"Hilliard, Sam","656541","2024","45","3",27.8,9.3,".222",".444",".288","0.732",".304"
"Rosario, Eguy","666703","2024","53","3",35.1,3.5,".245",".528",".286","0.814",".345"
"Hicks, Aaron","543305","2024","57","1",36.5,9.5,".140",".193",".222","0.415",".196"
"Wendzel, Davis","673995","2024","47","1",24.5,2,".128",".234",".163","0.397",".176"
"Tromp, Chadwick","644433","2024","52","0",31.5,1.9,".250",".365",".259","0.624",".267"
"García, Avisaíl","541645","2024","50","2",25.5,2,".240",".380",".255","0.635",".275"
"Hill, Derek","656537","2024","53","3",29.1,3.6,".264",".472",".291","0.763",".327"
"Baddoo, Akil","668731","2024","60","2",34.8,11.6,".117",".300",".217","0.517",".230"
"Schmitt, Casey","669477","2024","45","3",16.7,2.1,".244",".511",".271","0.782",".328"
"Dahl, David","621311","2024","58","3",33.9,4.8,".207",".397",".242","0.639",".273"
"Jimenez, Leo","677870","2024","53","0",26.7,5,".245",".302",".317","0.619",".281"
"Ruiz, Esteury","665923","2024","55","2",30.8,6.2,".200",".382",".270","0.652",".281"
"Mitchell, Garrett","669003","2024","55","1",25.4,12.7,".273",".400",".365","0.765",".340"
"Ramos, Bryan","682868","2024","46","0",16.7,2.1,".196",".239",".208","0.447",".196"
"Bliss, Ryan","669208","2024","59","1",31.3,7.5,".220",".356",".292","0.648",".287"
"Fermín, José","665877","2024","46","0",11.8,7.8,".130",".174",".216","0.390",".186"
"Crawford, Brandon","543063","2024","62","1",29.6,11.3,".161",".274",".268","0.542",".250"
"Reyes, Pablo","622569","2024","60","0",29.7,4.7,".183",".217",".234","0.451",".207"
"Noel, Jhonkensy","678877","2024","63","6",33.3,4.3,".254",".587",".304","0.891",".374"
"Dalbec, Bobby","666915","2024","83","1",46.2,8.6,".133",".193",".217","0.410",".194"
"Hurtubise, Jacob","674441","2024","54","0",26.5,8.8,".185",".241",".297","0.538",".253"
"Walker, Jordan","691023","2024","58","0",26.9,9,".155",".259",".239","0.498",".224"
"Berti, Jon","542932","2024","55","1",21.7,6.7,".273",".327",".322","0.649",".291"
"Marchán, Rafael","665561","2024","51","3",14.3,5.4,".294",".549",".345","0.894",".383"
"Ford, Mike","645801","2024","60","1",24.2,3.2,".150",".233",".177","0.410",".181"
"Kjerstad, Heston","677008","2024","69","3",29.6,11.1,".261",".420",".370","0.790",".344"
"Scott II, Victor","687363","2024","59","0",23.1,3.1,".085",".136",".138","0.274",".129"
"Davis, Henry","680779","2024","85","1",39.2,12.7,".153",".235",".267","0.502",".236"
"Clemens, Kody","665019","2024","62","3",23.1,4.6,".242",".500",".277","0.777",".329"
"Urías, Luis","649966","2024","79","3",34.1,7.7,".152",".316",".264","0.580",".264"
"Smith, Pavin","656976","2024","56","3",14.8,6.6,".268",".518",".311","0.829",".351"
"Casali, Curt","592200","2024","58","0",15.9,13,".207",".241",".324","0.565",".269"
"Thaiss, Matt","642136","2024","78","1",33.3,13.3,".231",".346",".333","0.679",".307"
"Sanó, Miguel","593934","2024","83","2",37.9,9.5,".205",".313",".295","0.608",".275"
"Trejo, Alan","676701","2024","63","0",22.4,3,".143",".143",".182","0.325",".152"
"Barger, Addison","680718","2024","69","1",27.8,2.8,".174",".261",".197","0.458",".201"
"Short, Zack","670097","2024","70","0",27.3,15.9,".129",".171",".282","0.453",".229"
"Beck, Jordan","687597","2024","79","2",37,1.2,".190",".316",".198","0.514",".214"
"Meadows, Parker","678009","2024","84","3",35.1,12.4,".131",".286",".247","0.533",".244"
"Fletcher, Dominic","666150","2024","75","0",31,7.1,".173",".227",".253","0.480",".224"
"Hedges, Austin","595978","2024","83","1",37.8,4.4,".157",".229",".211","0.440",".200"
"Palacios, Joshua","641943","2024","61","2",14.5,10.1,".230",".344",".319","0.663",".299"
"Cabbage, Trey","663550","2024","80","1",34.5,3.6,".225",".362",".262","0.624",".272"
"Williams, Alika","675961","2024","62","0",20.3,2.9,".210",".290",".246","0.536",".237"
"Barnhart, Tucker","571466","2024","81","0",32.3,13.5,".173",".210",".287","0.497",".239"
"Casas, Triston","671213","2024","78","6",28.9,13.3,".244",".513",".344","0.857",".362"
"Torrens, Luis","620443","2024","65","3",19.4,6.9,".308",".538",".361","0.899",".383"
"Hernaiz, Darell","687231","2024","66","0",21.3,8,".182",".182",".243","0.425",".199"
"Myers, Dane","667472","2024","83","2",33.7,7.4,".265",".422",".337","0.759",".330"
"Allen, Nick","669397","2024","70","1",24.7,6.5,".171",".243",".227","0.470",".213"
"Vogelbach, Daniel","596129","2024","70","1",21.5,11.4,".186",".300",".278","0.578",".262"